run,dataset,model,n_ahead,ws,n_var,mae,mape,training_time
1,ws7_fh1_var1,TCN,1,7,1,2.468919670453171,7.4604699432885235,13.62810730934143
1,ws7_fh1_var3,TCN,1,7,3,16.131680652259035,56.69068897121918,11.81018328666687
1,ws7_fh3_var1,TCN,3,7,1,3.680700669982926,12.26778084541574,16.302655935287476
1,ws7_fh3_var3,TCN,3,7,3,5.8338301362343215,19.05536328739682,15.609965801239014
1,ws7_fh7_var1,TCN,7,7,1,4.934460988466883,16.36941652886629,16.34087085723877
1,ws7_fh7_var3,TCN,7,7,3,6.584814705746912,22.151423464203283,15.759128093719482
1,ws15_fh1_var1,TCN,1,15,1,1.7225543383190691,5.117121625813475,12.549580335617064
1,ws15_fh1_var3,TCN,1,15,3,6.571495401562928,21.380574118306523,12.194306135177612
1,ws15_fh3_var1,TCN,3,15,1,3.627585147993114,11.739596524883469,16.00240206718445
1,ws15_fh3_var3,TCN,3,15,3,6.632754481512929,22.96915970183564,15.425824880599976
1,ws15_fh7_var1,TCN,7,15,1,4.904888018508431,16.29661250505676,16.108335971832275
1,ws15_fh7_var3,TCN,7,15,3,5.745154259914911,18.97210499739105,15.562567949295044
1,ws30_fh1_var1,TCN,1,30,1,3.6952179452419855,12.419204840652682,11.64760971069336
1,ws30_fh1_var3,TCN,1,30,3,6.81697533318613,23.8608859482252,11.174013137817385
1,ws30_fh3_var1,TCN,3,30,1,4.965300194785857,17.1678787275759,16.066999197006226
1,ws30_fh3_var3,TCN,3,30,3,5.975420520492455,20.736698251969436,15.43405294418335
1,ws30_fh7_var1,TCN,7,30,1,5.2057053981737385,17.405505870745166,15.928968906402588
1,ws30_fh7_var3,TCN,7,30,3,6.192622125589945,20.94669648684322,15.170453786849976
2,ws7_fh1_var1,TCN,1,7,1,4.453155987625951,15.507904672628223,11.008160591125488
2,ws7_fh1_var3,TCN,1,7,3,4.462080316821724,15.47937417969973,11.06576442718506
2,ws7_fh3_var1,TCN,3,7,1,2.9567720127359443,9.132312410578878,14.78602933883667
2,ws7_fh3_var3,TCN,3,7,3,6.130985319793889,19.94838230162096,14.54003405570984
2,ws7_fh7_var1,TCN,7,7,1,5.20618952149313,17.361892814245333,14.883188724517822
2,ws7_fh7_var3,TCN,7,7,3,10.241892380306988,35.876223834038875,14.851646900177002
2,ws15_fh1_var1,TCN,1,15,1,4.771488729269078,16.516047609927877,11.528816938400269
2,ws15_fh1_var3,TCN,1,15,3,4.796180844029507,15.947566037109617,11.463975191116331
2,ws15_fh3_var1,TCN,3,15,1,4.931426132729332,17.07368820584696,14.653663635253906
2,ws15_fh3_var3,TCN,3,15,3,4.209925675732871,13.455073974670675,14.5246319770813
2,ws15_fh7_var1,TCN,7,15,1,4.877560946784896,16.097113969009044,14.833536148071287
2,ws15_fh7_var3,TCN,7,15,3,7.817327078063864,26.58624752070942,14.92627477645874
2,ws30_fh1_var1,TCN,1,30,1,3.053574543979129,10.033510491929013,10.430580139160156
2,ws30_fh1_var3,TCN,1,30,3,4.4587229777389386,15.121902665021976,10.660067081451416
2,ws30_fh3_var1,TCN,3,30,1,3.5696580641832143,11.460300757289987,14.57521152496338
2,ws30_fh3_var3,TCN,3,30,3,4.329770311202936,14.454832192873877,14.401255130767822
2,ws30_fh7_var1,TCN,7,30,1,4.674739599170619,15.228163657115909,14.17603850364685
2,ws30_fh7_var3,TCN,7,30,3,9.27235780370818,32.036883603987,13.957889556884766
3,ws7_fh1_var1,TCN,1,7,1,2.320837397776634,7.454635457648627,10.924837827682495
3,ws7_fh1_var3,TCN,1,7,3,4.61388904676438,16.10391867026476,10.896066188812256
3,ws7_fh3_var1,TCN,3,7,1,5.225537520897263,18.04274253205098,14.360901594161987
3,ws7_fh3_var3,TCN,3,7,3,6.509764616105663,22.11162056899925,14.370879888534546
3,ws7_fh7_var1,TCN,7,7,1,4.356911213506516,14.006563058987398,14.3920636177063
3,ws7_fh7_var3,TCN,7,7,3,5.229157142006947,16.99012029793305,14.530569314956663
3,ws15_fh1_var1,TCN,1,15,1,3.3007508470987967,11.407931458252566,11.05513834953308
3,ws15_fh1_var3,TCN,1,15,3,4.698874892729858,16.33104439184624,11.084309577941896
3,ws15_fh3_var1,TCN,3,15,1,3.679618658464045,11.982818152254357,14.054054498672484
3,ws15_fh3_var3,TCN,3,15,3,8.25652295056526,27.532733376506428,14.492820978164673
3,ws15_fh7_var1,TCN,7,15,1,4.7339340960408975,15.490914278834488,14.374925136566162
3,ws15_fh7_var3,TCN,7,15,3,5.88660497458784,19.438962499273696,14.376319885253906
3,ws30_fh1_var1,TCN,1,30,1,5.811481798663797,21.013026975309995,10.555586576461792
3,ws30_fh1_var3,TCN,1,30,3,4.663811170815802,15.335108899066348,10.35331654548645
3,ws30_fh3_var1,TCN,3,30,1,4.312443246930921,14.64811285094402,14.138268947601318
3,ws30_fh3_var3,TCN,3,30,3,5.651029711782253,18.6400177151682,14.501389265060425
3,ws30_fh7_var1,TCN,7,30,1,5.43171559101726,18.618226682275004,13.794004440307615
3,ws30_fh7_var3,TCN,7,30,3,8.281804112940389,28.67456569688092,14.11010217666626
4,ws7_fh1_var1,TCN,1,7,1,4.218587672101235,14.752549760694851,10.871701717376707
4,ws7_fh1_var3,TCN,1,7,3,7.282076757663202,23.938233637593285,11.212359428405762
4,ws7_fh3_var1,TCN,3,7,1,2.990809011781275,9.399744690581398,14.320409059524536
4,ws7_fh3_var3,TCN,3,7,3,5.730722705219144,19.719405853501492,14.761425971984863
4,ws7_fh7_var1,TCN,7,7,1,4.284721251763583,14.029188505149817,14.4121675491333
4,ws7_fh7_var3,TCN,7,7,3,5.653357607341931,18.50701268712954,14.796664714813232
4,ws15_fh1_var1,TCN,1,15,1,2.516365525667376,8.15879217463697,10.993496417999268
4,ws15_fh1_var3,TCN,1,15,3,6.803248033191633,22.571525802384983,11.195397853851318
4,ws15_fh3_var1,TCN,3,15,1,3.5849757978460493,11.78380480523523,14.07212209701538
4,ws15_fh3_var3,TCN,3,15,3,5.616652637102736,19.295082499186652,14.153875589370728
4,ws15_fh7_var1,TCN,7,15,1,6.474543411730823,22.457939719222907,14.337489128112791
4,ws15_fh7_var3,TCN,7,15,3,7.457187360290104,24.772746144831935,14.381694316864014
4,ws30_fh1_var1,TCN,1,30,1,3.3268586317569926,11.742559129836128,11.21994137763977
4,ws30_fh1_var3,TCN,1,30,3,7.298762421030472,26.084202078094144,11.30167531967163
4,ws30_fh3_var1,TCN,3,30,1,6.390771678981207,22.41322633089197,14.362015962600708
4,ws30_fh3_var3,TCN,3,30,3,7.661819294868516,26.38052891255694,14.165518283843994
4,ws30_fh7_var1,TCN,7,30,1,5.594299273986215,18.871331303802997,13.693680047988892
4,ws30_fh7_var3,TCN,7,30,3,8.677045588457828,30.053665630626075,13.815562963485718
5,ws7_fh1_var1,TCN,1,7,1,4.8872679023131615,17.263807316023488,10.808969736099243
5,ws7_fh1_var3,TCN,1,7,3,4.754498072279793,15.484719374009998,11.141729831695557
5,ws7_fh3_var1,TCN,3,7,1,7.81498027659077,26.9997839820713,15.24512529373169
5,ws7_fh3_var3,TCN,3,7,3,10.578828140914377,36.25004670766685,14.88977551460266
5,ws7_fh7_var1,TCN,7,7,1,4.561878202995225,14.839332077054154,15.185628890991213
5,ws7_fh7_var3,TCN,7,7,3,6.96563879194924,23.43058352091731,15.17214059829712
5,ws15_fh1_var1,TCN,1,15,1,4.390987983380627,15.2909094790402,11.42608880996704
5,ws15_fh1_var3,TCN,1,15,3,8.915465225089314,29.492966296010987,11.232210874557495
5,ws15_fh3_var1,TCN,3,15,1,4.65407592270117,15.897114638710317,14.376513242721558
5,ws15_fh3_var3,TCN,3,15,3,8.231777771915525,28.66757807688205,14.510249853134155
5,ws15_fh7_var1,TCN,7,15,1,4.861737953679148,16.341297196191732,14.689338684082031
5,ws15_fh7_var3,TCN,7,15,3,5.620550741930935,18.923765805332973,14.774308681488035
5,ws30_fh1_var1,TCN,1,30,1,2.622460683653941,8.815854624663451,10.444629192352297
5,ws30_fh1_var3,TCN,1,30,3,6.020444982365859,19.128745098016715,10.51358151435852
5,ws30_fh3_var1,TCN,3,30,1,2.9222885558072385,9.425416787267892,14.649757146835327
5,ws30_fh3_var3,TCN,3,30,3,6.974375848716714,22.455773082599325,14.59983777999878
5,ws30_fh7_var1,TCN,7,30,1,4.605404210106365,15.210976808329631,14.400509119033812
5,ws30_fh7_var3,TCN,7,30,3,6.446426010108756,21.46435004075685,14.306266069412231
6,ws7_fh1_var1,TCN,1,7,1,3.49127118979644,12.084916194521526,11.189487218856812
6,ws7_fh1_var3,TCN,1,7,3,3.831866076569015,12.634413194087344,11.247750997543337
6,ws7_fh3_var1,TCN,3,7,1,3.044653481400751,9.461967696003756,14.808295249938965
6,ws7_fh3_var3,TCN,3,7,3,4.276322583632058,13.579465504153411,14.796267747879028
6,ws7_fh7_var1,TCN,7,7,1,4.109680973461773,13.014739285034484,14.8756206035614
6,ws7_fh7_var3,TCN,7,7,3,6.204758001254504,20.378062793732603,14.907064437866213
6,ws15_fh1_var1,TCN,1,15,1,3.091159705603433,10.316555202613378,11.341509580612184
6,ws15_fh1_var3,TCN,1,15,3,6.200439388564588,21.20812393758113,11.442130327224731
6,ws15_fh3_var1,TCN,3,15,1,2.696887523362743,8.437502802681712,14.407052755355837
6,ws15_fh3_var3,TCN,3,15,3,5.476377389054491,18.143957414629245,14.369817018508911
6,ws15_fh7_var1,TCN,7,15,1,5.820775393419491,19.83604131698837,14.524745225906372
6,ws15_fh7_var3,TCN,7,15,3,5.545245546252086,17.998674141992314,14.465974807739258
6,ws30_fh1_var1,TCN,1,30,1,2.1737527615470187,7.28052845470442,10.31972360610962
6,ws30_fh1_var3,TCN,1,30,3,2.9759819631309288,10.033123092329769,10.37699818611145
6,ws30_fh3_var1,TCN,3,30,1,4.026062663292211,12.90407711817246,14.208800077438354
6,ws30_fh3_var3,TCN,3,30,3,7.5968746507011,25.67142413708549,14.25964856147766
6,ws30_fh7_var1,TCN,7,30,1,4.752367614664487,15.811893884316872,13.673792362213137
6,ws30_fh7_var3,TCN,7,30,3,6.138859568565559,20.50723181474333,14.021130084991457
7,ws7_fh1_var1,TCN,1,7,1,4.680704184468429,16.218946634429237,10.814574718475342
7,ws7_fh1_var3,TCN,1,7,3,5.418617424821018,17.978311099634787,10.860816955566406
7,ws7_fh3_var1,TCN,3,7,1,3.498367666736952,11.340770417609132,14.254363775253296
7,ws7_fh3_var3,TCN,3,7,3,5.093346382920445,17.314602381637492,14.379865646362305
7,ws7_fh7_var1,TCN,7,7,1,4.60099211991174,14.983421752294673,14.6232647895813
7,ws7_fh7_var3,TCN,7,7,3,6.569732671499609,22.41669927067977,14.639418840408323
7,ws15_fh1_var1,TCN,1,15,1,2.720122599273559,8.87050326672019,11.09894561767578
7,ws15_fh1_var3,TCN,1,15,3,6.172929983093427,19.907962160720515,11.250073432922363
7,ws15_fh3_var1,TCN,3,15,1,4.67128200869501,15.727167706302694,14.50020694732666
7,ws15_fh3_var3,TCN,3,15,3,5.0121000400781925,17.24143840565089,14.875236749649048
7,ws15_fh7_var1,TCN,7,15,1,6.183627474789215,21.369577768690608,15.302492618560793
7,ws15_fh7_var3,TCN,7,15,3,6.29891744012665,21.19939720021919,15.540478229522703
7,ws30_fh1_var1,TCN,1,30,1,3.7614312724815457,12.61620259978893,10.967020511627195
7,ws30_fh1_var3,TCN,1,30,3,9.517726570681386,32.759658032036235,10.69974684715271
7,ws30_fh3_var1,TCN,3,30,1,3.6491419889894057,11.966163630085696,14.756426572799684
7,ws30_fh3_var3,TCN,3,30,3,3.99702549931218,12.94683359210597,14.716314792633057
7,ws30_fh7_var1,TCN,7,30,1,5.214899983311361,17.577718973424297,14.520350933074951
7,ws30_fh7_var3,TCN,7,30,3,7.148454994137594,24.22151366661401,14.282908201217651
8,ws7_fh1_var1,TCN,1,7,1,3.7889529378590407,13.182047513093517,11.15281581878662
8,ws7_fh1_var3,TCN,1,7,3,4.951136317358179,15.81438099749979,11.088579893112184
8,ws7_fh3_var1,TCN,3,7,1,4.2640728246059565,14.193037138952224,14.69424557685852
8,ws7_fh3_var3,TCN,3,7,3,6.777584521392801,23.342785816406508,14.71317720413208
8,ws7_fh7_var1,TCN,7,7,1,4.724078396382601,15.46232395740522,14.629764318466188
8,ws7_fh7_var3,TCN,7,7,3,7.630332599267013,26.02320542910877,14.810735940933228
8,ws15_fh1_var1,TCN,1,15,1,1.8539063255476105,5.716482917284626,11.309359073638916
8,ws15_fh1_var3,TCN,1,15,3,4.152314942452283,13.62607057991189,11.26589298248291
8,ws15_fh3_var1,TCN,3,15,1,4.6292221192788565,15.859926833202724,14.330382108688354
8,ws15_fh3_var3,TCN,3,15,3,5.694072980066324,19.305753607169287,14.480814695358276
8,ws15_fh7_var1,TCN,7,15,1,4.848185263331424,16.34689331915718,14.669016361236572
8,ws15_fh7_var3,TCN,7,15,3,6.084630409757513,20.667644563723364,14.592105388641356
8,ws30_fh1_var1,TCN,1,30,1,8.282644323378396,29.7457553232373,10.003526210784912
8,ws30_fh1_var3,TCN,1,30,3,7.730005634175126,26.39158895278133,10.617297172546388
8,ws30_fh3_var1,TCN,3,30,1,3.298135207083409,10.752195267971628,14.448050260543823
8,ws30_fh3_var3,TCN,3,30,3,6.179787739317473,18.796376272117453,14.435625076293944
8,ws30_fh7_var1,TCN,7,30,1,5.492023824336862,18.90950409115875,13.985997438430786
8,ws30_fh7_var3,TCN,7,30,3,8.329712653450938,28.98309160670173,14.020671129226685
9,ws7_fh1_var1,TCN,1,7,1,4.475700496373611,15.632305366513023,10.960973978042604
9,ws7_fh1_var3,TCN,1,7,3,6.514869128691955,21.310989837800985,11.102996349334717
9,ws7_fh3_var1,TCN,3,7,1,5.740011009763648,19.729775212161396,14.555997371673584
9,ws7_fh3_var3,TCN,3,7,3,9.098030613802472,31.56751500274994,14.632545471191406
9,ws7_fh7_var1,TCN,7,7,1,5.572028100882887,18.991308229198804,14.680296897888184
9,ws7_fh7_var3,TCN,7,7,3,6.182330803384262,20.84973714651426,14.583651065826416
9,ws15_fh1_var1,TCN,1,15,1,4.019814522248832,13.729050798862616,11.165811777114868
9,ws15_fh1_var3,TCN,1,15,3,4.813110545898329,16.791010445688748,11.224658966064451
9,ws15_fh3_var1,TCN,3,15,1,3.4636706163496758,11.342706857610567,14.28234338760376
9,ws15_fh3_var3,TCN,3,15,3,6.697292051450479,22.924933030069557,14.212814092636108
9,ws15_fh7_var1,TCN,7,15,1,5.136741756395495,17.38598687130525,14.287776947021484
9,ws15_fh7_var3,TCN,7,15,3,5.470659016304047,17.828768309333178,14.46719217300415
9,ws30_fh1_var1,TCN,1,30,1,3.4157300671154105,11.013175611184812,10.245383501052856
9,ws30_fh1_var3,TCN,1,30,3,3.924643908613476,12.248251019692487,10.29359769821167
9,ws30_fh3_var1,TCN,3,30,1,3.3988755779618907,10.95532957068321,14.03938889503479
9,ws30_fh3_var3,TCN,3,30,3,7.044314696909464,23.289354618195567,14.163389205932615
9,ws30_fh7_var1,TCN,7,30,1,4.5102345232928185,14.251938176022664,13.73798394203186
9,ws30_fh7_var3,TCN,7,30,3,7.867855533664687,26.3839597486735,13.85452651977539
10,ws7_fh1_var1,TCN,1,7,1,4.048882095584293,14.19980303423537,10.8847553730011
10,ws7_fh1_var3,TCN,1,7,3,8.676333705929467,29.35099680160437,11.071295976638794
10,ws7_fh3_var1,TCN,3,7,1,4.7947452999379605,15.906458562140491,14.3892240524292
10,ws7_fh3_var3,TCN,3,7,3,4.48358756608909,14.806328721820652,14.635578632354736
10,ws7_fh7_var1,TCN,7,7,1,4.413876132930133,14.790629973822538,14.706170797348022
10,ws7_fh7_var3,TCN,7,7,3,6.817016694052289,23.43052618758988,14.762596130371094
10,ws15_fh1_var1,TCN,1,15,1,4.494702421397285,15.28089280446074,11.41355299949646
10,ws15_fh1_var3,TCN,1,15,3,6.703240924874686,22.52016866419225,11.488320112228394
10,ws15_fh3_var1,TCN,3,15,1,3.993796139682608,13.309666691105203,14.713706493377686
10,ws15_fh3_var3,TCN,3,15,3,4.789600012624516,15.763639586364262,14.562272548675535
10,ws15_fh7_var1,TCN,7,15,1,5.075681260864843,17.16951200491192,14.681865453720093
10,ws15_fh7_var3,TCN,7,15,3,8.155261390022314,28.17345042251795,14.624303579330444
10,ws30_fh1_var1,TCN,1,30,1,4.177693479197261,14.42541098742492,10.502178430557253
10,ws30_fh1_var3,TCN,1,30,3,3.7514237594832354,12.471936592669168,10.41918158531189
10,ws30_fh3_var1,TCN,3,30,1,3.4607551010148008,10.99019549810088,14.45732283592224
10,ws30_fh3_var3,TCN,3,30,3,6.789719824506321,23.325029436095612,14.554555892944336
10,ws30_fh7_var1,TCN,7,30,1,4.64704764973358,15.493381728849927,14.17291498184204
10,ws30_fh7_var3,TCN,7,30,3,5.333596077898415,17.466419234388,14.082346439361572
11,ws7_fh1_var1,TCN,1,7,1,2.4689201418345266,7.460471837626424,14.405681133270264
11,ws7_fh1_var3,TCN,1,7,3,16.131680652259035,56.69068897121918,11.690972328186035
11,ws7_fh3_var1,TCN,3,7,1,3.6806999963731495,12.267777979689628,16.381574392318726
11,ws7_fh3_var3,TCN,3,7,3,5.833829728867717,19.05536176432189,15.691728115081789
11,ws7_fh7_var1,TCN,7,7,1,4.934461023464105,16.36941670624048,16.333049058914185
11,ws7_fh7_var3,TCN,7,7,3,6.584815140087443,22.15142503784482,15.653545379638672
11,ws15_fh1_var1,TCN,1,15,1,1.7225543601923332,5.11712182783938,12.518567085266112
11,ws15_fh1_var3,TCN,1,15,3,6.571495611546264,21.380574749135885,12.264467477798462
11,ws15_fh3_var1,TCN,3,15,1,3.627585038375377,11.739596198665955,16.097789764404297
11,ws15_fh3_var3,TCN,3,15,3,6.612405177041613,22.88222529110188,15.363975286483765
11,ws15_fh7_var1,TCN,7,15,1,4.910115219820762,16.313622426267532,16.179437398910522
11,ws15_fh7_var3,TCN,7,15,3,5.745153410460434,18.97210167706332,15.601221799850464
11,ws30_fh1_var1,TCN,1,30,1,3.695217059844584,12.419195500397764,11.799849033355711
11,ws30_fh1_var3,TCN,1,30,3,6.816975465334996,23.86088644363608,11.23283052444458
11,ws30_fh3_var1,TCN,3,30,1,4.965300107954399,17.167878445618303,16.03070640563965
11,ws30_fh3_var3,TCN,3,30,3,5.975414664520071,20.73649516992051,15.47014093399048
11,ws30_fh7_var1,TCN,7,30,1,5.205705251503241,17.405505160255636,15.630489349365234
11,ws30_fh7_var3,TCN,7,30,3,6.192618913379669,20.946684197396344,15.135619640350342
12,ws7_fh1_var1,TCN,1,7,1,4.453156240775198,15.507905635882024,11.033502340316772
12,ws7_fh1_var3,TCN,1,7,3,4.462080316821724,15.47937417969973,11.167811870574951
12,ws7_fh3_var1,TCN,3,7,1,2.9567718934357248,9.1323118448919,14.734045267105104
12,ws7_fh3_var3,TCN,3,7,3,6.130984947344423,19.94838081006356,14.507246494293211
12,ws7_fh7_var1,TCN,7,7,1,5.206188878419163,17.361890150412755,14.63601279258728
12,ws7_fh7_var3,TCN,7,7,3,10.241894365149472,35.876231067568426,14.583339214324951
12,ws15_fh1_var1,TCN,1,15,1,4.771488598029493,16.516047289082724,11.31006932258606
12,ws15_fh1_var3,TCN,1,15,3,4.796180992767703,15.947566573497417,11.453920125961304
12,ws15_fh3_var1,TCN,3,15,1,4.931426123959912,17.073688076598323,14.184180498123167
12,ws15_fh3_var3,TCN,3,15,3,4.209925519344899,13.455073235393542,14.349746704101562
12,ws15_fh7_var1,TCN,7,15,1,4.877560323349349,16.09711128254033,14.326121807098389
12,ws15_fh7_var3,TCN,7,15,3,7.81732696065959,26.58624706863105,14.459660291671751
12,ws30_fh1_var1,TCN,1,30,1,3.053573152011074,10.033505248793704,10.48163676261902
12,ws30_fh1_var3,TCN,1,30,3,4.458722858804959,15.12190166217,10.30654263496399
12,ws30_fh3_var1,TCN,3,30,1,3.5696583173189897,11.46030182853333,14.467130661010742
12,ws30_fh3_var3,TCN,3,30,3,4.329770801285571,14.45483416341906,14.584157466888428
12,ws30_fh7_var1,TCN,7,30,1,4.674739626355235,15.228163781076656,14.194910764694214
12,ws30_fh7_var3,TCN,7,30,3,9.272358444759394,32.03688587076213,14.266937971115112
13,ws7_fh1_var1,TCN,1,7,1,2.3208375374451835,7.45463605731335,10.922153234481812
13,ws7_fh1_var3,TCN,1,7,3,4.61388904676438,16.10391867026476,10.986115217208862
13,ws7_fh3_var1,TCN,3,7,1,5.225537445243465,18.042742185130297,14.505316734313965
13,ws7_fh3_var3,TCN,3,7,3,6.509764373140581,22.11161975289576,14.826377391815186
13,ws7_fh7_var1,TCN,7,7,1,4.356912429035053,14.006568008088088,14.574058294296265
13,ws7_fh7_var3,TCN,7,7,3,5.2291568064085805,16.990119077538548,14.913198232650757
13,ws15_fh1_var1,TCN,1,15,1,3.300751061456785,11.407932146343695,11.100149631500244
13,ws15_fh1_var3,TCN,1,15,3,4.69887528207396,16.33104598854891,11.194035768508911
13,ws15_fh3_var1,TCN,3,15,1,3.6796186116938094,11.982817947737932,14.229792594909668
13,ws15_fh3_var3,TCN,3,15,3,8.256523918124488,27.532736833396186,14.253618717193604
13,ws15_fh7_var1,TCN,7,15,1,4.733934932938767,15.490917676432616,14.65957522392273
13,ws15_fh7_var3,TCN,7,15,3,5.886604950730288,19.438962274443668,14.605801343917848
13,ws30_fh1_var1,TCN,1,30,1,5.811480979340828,21.013023981511537,10.277477025985718
13,ws30_fh1_var3,TCN,1,30,3,4.6638113954688745,15.335109642635372,10.61662530899048
13,ws30_fh3_var1,TCN,3,30,1,4.312443033531575,14.648112077650522,14.19181227684021
13,ws30_fh3_var3,TCN,3,30,3,5.651029972276625,18.640018819235856,14.238320350646973
13,ws30_fh7_var1,TCN,7,30,1,5.4317163243697335,18.61822957799382,13.909528493881226
13,ws30_fh7_var3,TCN,7,30,3,8.281803943510681,28.67456515376009,13.878555297851562
14,ws7_fh1_var1,TCN,1,7,1,4.21858768083052,14.752549758644069,10.754653215408323
14,ws7_fh1_var3,TCN,1,7,3,7.282076757663202,23.938233637593285,11.032485008239746
14,ws7_fh3_var1,TCN,3,7,1,2.990809119442449,9.399745664786645,14.443447589874268
14,ws7_fh3_var3,TCN,3,7,3,5.730722965642794,19.719406763853687,14.504953384399414
14,ws7_fh7_var1,TCN,7,7,1,4.284720321837382,14.029184380720611,14.835223197937012
14,ws7_fh7_var3,TCN,7,7,3,5.653357847947838,18.507013695413185,14.88996720314026
14,ws15_fh1_var1,TCN,1,15,1,2.5163657312760583,8.158792978468702,11.466830253601074
14,ws15_fh1_var3,TCN,1,15,3,6.803248059439551,22.571526024200796,11.680529117584229
14,ws15_fh3_var1,TCN,3,15,1,3.584975822692737,11.783805082246294,14.756439685821531
14,ws15_fh3_var3,TCN,3,15,3,5.616652470483776,19.295081862749573,14.988028526306152
14,ws15_fh7_var1,TCN,7,15,1,6.474543687976181,22.4579407849874,14.580573797225952
14,ws15_fh7_var3,TCN,7,15,3,7.455074028678063,24.765436010463414,15.368494033813477
14,ws30_fh1_var1,TCN,1,30,1,3.3268583454344496,11.742558119115436,10.410689353942873
14,ws30_fh1_var3,TCN,1,30,3,7.298762381385812,26.084201934534125,10.55587673187256
14,ws30_fh3_var1,TCN,3,30,1,6.39077178641674,22.413226767943826,14.256622791290283
14,ws30_fh3_var3,TCN,3,30,3,7.661819783479431,26.380530685190458,14.32568860054016
14,ws30_fh7_var1,TCN,7,30,1,5.594300728679356,18.87133753445237,13.834227323532104
14,ws30_fh7_var3,TCN,7,30,3,8.677044801368318,30.05366260243819,13.902857303619385
15,ws7_fh1_var1,TCN,1,7,1,4.88726775827997,17.26380683018459,10.840279579162598
15,ws7_fh1_var3,TCN,1,7,3,4.754498072279793,15.484719374009998,10.966064453125
15,ws7_fh3_var1,TCN,3,7,1,7.814980266406605,26.99978391118421,14.516055583953856
15,ws7_fh3_var3,TCN,3,7,3,10.57882806671546,36.25004659971119,14.59649395942688
15,ws7_fh7_var1,TCN,7,7,1,4.561877679911737,14.839329698390229,14.64939832687378
15,ws7_fh7_var3,TCN,7,7,3,6.965638024510143,23.43058051333737,14.597719192504885
15,ws15_fh1_var1,TCN,1,15,1,4.390987462796939,15.290907632158389,11.160866022109984
15,ws15_fh1_var3,TCN,1,15,3,8.915465155094868,29.49296587120777,11.052968978881836
15,ws15_fh3_var1,TCN,3,15,1,4.649087806530612,15.879421058250234,14.129138708114624
15,ws15_fh3_var3,TCN,3,15,3,8.231778046690653,28.66757937673306,14.417601585388184
15,ws15_fh7_var1,TCN,7,15,1,4.861737632857834,16.341296010118146,14.464878559112549
15,ws15_fh7_var3,TCN,7,15,3,5.606732750866762,18.86932984150218,14.686612367630005
15,ws30_fh1_var1,TCN,1,30,1,2.622460379711549,8.815853363088742,10.413815259933472
15,ws30_fh1_var3,TCN,1,30,3,6.020446158490767,19.12874905498588,10.325744390487673
15,ws30_fh3_var1,TCN,3,30,1,2.9222867249880267,9.425410049958035,14.119948625564575
15,ws30_fh3_var3,TCN,3,30,3,6.974376215174902,22.45577389112118,14.345558404922484
15,ws30_fh7_var1,TCN,7,30,1,4.60540403182585,15.210976066395268,13.91898775100708
15,ws30_fh7_var3,TCN,7,30,3,6.445738810371918,21.4603981260658,14.065148830413818
16,ws7_fh1_var1,TCN,1,7,1,3.4912706267575984,12.084914090390743,10.973781824111938
16,ws7_fh1_var3,TCN,1,7,3,3.831866076569015,12.634413194087344,11.022475242614746
16,ws7_fh3_var1,TCN,3,7,1,3.044653130774496,9.461966309080305,14.4783353805542
16,ws7_fh3_var3,TCN,3,7,3,4.276322318843765,13.579464636335697,14.62314772605896
16,ws7_fh7_var1,TCN,7,7,1,4.109681019083154,13.01473976178272,14.6369891166687
16,ws7_fh7_var3,TCN,7,7,3,6.204758089372511,20.378064563669923,14.529091835021973
16,ws15_fh1_var1,TCN,1,15,1,3.0911603399280927,10.316557643144654,11.163002490997314
16,ws15_fh1_var3,TCN,1,15,3,6.200440184751402,21.208126631863188,11.213141202926636
16,ws15_fh3_var1,TCN,3,15,1,2.6968876037490834,8.43750310938372,14.433330297470093
16,ws15_fh3_var3,TCN,3,15,3,5.476377554211883,18.143957775262265,14.290682554244995
16,ws15_fh7_var1,TCN,7,15,1,5.820776093450342,19.836044259139385,14.446511268615724
16,ws15_fh7_var3,TCN,7,15,3,5.545245738368176,17.998674873547223,14.458553075790403
16,ws30_fh1_var1,TCN,1,30,1,2.1737519290091627,7.28052495616595,10.29980492591858
16,ws30_fh1_var3,TCN,1,30,3,3.010703868541861,10.159120292623884,10.310539245605469
16,ws30_fh3_var1,TCN,3,30,1,4.02606250876165,12.90407621005848,14.121294736862184
16,ws30_fh3_var3,TCN,3,30,3,7.596875296786014,25.671426619848447,14.194246292114258
16,ws30_fh7_var1,TCN,7,30,1,4.743867785028582,15.77648221360915,13.82932448387146
16,ws30_fh7_var3,TCN,7,30,3,6.138859556553752,20.50723171573384,13.895925521850586
17,ws7_fh1_var1,TCN,1,7,1,4.680704389606611,16.218947326485054,10.99321174621582
17,ws7_fh1_var3,TCN,1,7,3,5.418617424821018,17.978311099634787,10.950762748718262
17,ws7_fh3_var1,TCN,3,7,1,3.498368012998565,11.340771898587686,14.429510593414308
17,ws7_fh3_var3,TCN,3,7,3,5.093345370323459,17.314598705343297,14.494311809539797
17,ws7_fh7_var1,TCN,7,7,1,4.60099177806387,14.983420031141776,14.574037790298462
17,ws7_fh7_var3,TCN,7,7,3,6.568640398182419,22.41242470886755,14.649145364761353
17,ws15_fh1_var1,TCN,1,15,1,2.720122962369744,8.870504633647808,11.072492122650146
17,ws15_fh1_var3,TCN,1,15,3,6.172976997487365,19.908122025199145,11.169954538345335
17,ws15_fh3_var1,TCN,3,15,1,4.671281500068709,15.727165398656409,14.25534439086914
17,ws15_fh3_var3,TCN,3,15,3,5.012099996231098,17.24143836084944,14.270750522613524
17,ws15_fh7_var1,TCN,7,15,1,6.183627296485393,21.36957729081339,14.429478883743286
17,ws15_fh7_var3,TCN,7,15,3,6.298908710773328,21.19936850611051,14.456981897354126
17,ws30_fh1_var1,TCN,1,30,1,3.761430915679608,12.616201185165876,10.209693908691406
17,ws30_fh1_var3,TCN,1,30,3,9.517727693946748,32.759662183198195,10.29508090019226
17,ws30_fh3_var1,TCN,3,30,1,3.649142137633087,11.966164268352353,14.0870840549469
17,ws30_fh3_var3,TCN,3,30,3,3.9970257848257873,12.946834619393636,14.26548433303833
17,ws30_fh7_var1,TCN,7,30,1,5.214898615861877,17.577713556358873,13.8057279586792
17,ws30_fh7_var3,TCN,7,30,3,7.148455124370877,24.221514273462294,13.907507419586182
18,ws7_fh1_var1,TCN,1,7,1,3.7889527545440695,13.182046727544904,10.851053476333618
18,ws7_fh1_var3,TCN,1,7,3,4.951136317358179,15.81438099749979,10.941757917404177
18,ws7_fh3_var1,TCN,3,7,1,4.264072888620709,14.193037423442531,14.30212926864624
18,ws7_fh3_var3,TCN,3,7,3,6.777584188225114,23.342784651612387,14.579593420028688
18,ws7_fh7_var1,TCN,7,7,1,4.724078253893909,15.462323129458683,14.414239645004272
18,ws7_fh7_var3,TCN,7,7,3,7.6367860958675235,26.04657026857205,14.54632306098938
18,ws15_fh1_var1,TCN,1,15,1,1.8539063824180968,5.716483334066473,11.002901792526243
18,ws15_fh1_var3,TCN,1,15,3,4.152315629272777,13.626073005350744,11.159680366516112
18,ws15_fh3_var1,TCN,3,15,1,4.629221702731454,15.85992531335672,14.29619574546814
18,ws15_fh3_var3,TCN,3,15,3,5.694072735984162,19.30575243698164,14.272491693496704
18,ws15_fh7_var1,TCN,7,15,1,4.848185611777274,16.346894820554674,14.364797115325928
18,ws15_fh7_var3,TCN,7,15,3,6.084629820224805,20.667642386289824,14.445781707763672
18,ws30_fh1_var1,TCN,1,30,1,8.282645451048719,29.74575950770884,9.837052822113035
18,ws30_fh1_var3,TCN,1,30,3,7.730004665083442,26.391585796733263,10.39051079750061
18,ws30_fh3_var1,TCN,3,30,1,3.2981353822180446,10.752196033994329,14.179296016693115
18,ws30_fh3_var3,TCN,3,30,3,6.179788373628632,18.796378219176603,14.343544721603394
18,ws30_fh7_var1,TCN,7,30,1,5.492026393599324,18.90951462566666,13.897305965423584
18,ws30_fh7_var3,TCN,7,30,3,8.32930059976521,28.98200344666532,13.904903650283812
19,ws7_fh1_var1,TCN,1,7,1,4.475701220904213,15.632308242399858,10.936142444610596
19,ws7_fh1_var3,TCN,1,7,3,6.514869128691955,21.310989837800985,10.950939893722534
19,ws7_fh3_var1,TCN,3,7,1,5.740010990850197,19.729775148405405,14.738061904907228
19,ws7_fh3_var3,TCN,3,7,3,9.098031032808118,31.56751660304446,14.567758083343506
19,ws7_fh7_var1,TCN,7,7,1,5.572029785749176,18.991314751267968,14.581791400909424
19,ws7_fh7_var3,TCN,7,7,3,6.193026235493207,20.89847201918993,14.629933834075928
19,ws15_fh1_var1,TCN,1,15,1,4.019814824099877,13.729051862968742,11.228158712387083
19,ws15_fh1_var3,TCN,1,15,3,4.813109985942767,16.79100831681623,11.14206862449646
19,ws15_fh3_var1,TCN,3,15,1,3.463669325783512,11.342701468278934,14.098350286483765
19,ws15_fh3_var3,TCN,3,15,3,6.697290725806639,22.924928244551733,14.254525423049929
19,ws15_fh7_var1,TCN,7,15,1,5.136741819178532,17.38598713562944,14.381384372711182
19,ws15_fh7_var3,TCN,7,15,3,5.470659077203591,17.828768832854287,14.48075795173645
19,ws30_fh1_var1,TCN,1,30,1,3.4157302212890874,11.013175763088652,10.21463394165039
19,ws30_fh1_var3,TCN,1,30,3,3.924643723605064,12.24825058740046,10.380064010620115
19,ws30_fh3_var1,TCN,3,30,1,3.398875736907609,10.955330256732736,14.108868598937988
19,ws30_fh3_var3,TCN,3,30,3,7.044314711626661,23.28935471494796,14.16942286491394
19,ws30_fh7_var1,TCN,7,30,1,4.510233978336067,14.25193409050424,13.836872100830078
19,ws30_fh7_var3,TCN,7,30,3,7.867855717002804,26.38396058491276,13.862008810043337
20,ws7_fh1_var1,TCN,1,7,1,4.048929342835896,14.19997901330358,10.868504762649536
20,ws7_fh1_var3,TCN,1,7,3,8.676333705929467,29.35099680160437,10.955260992050173
20,ws7_fh3_var1,TCN,3,7,1,4.79474546142972,15.90645910998136,14.517849445343018
20,ws7_fh3_var3,TCN,3,7,3,4.483587656291696,14.806329119288495,14.662096738815308
20,ws7_fh7_var1,TCN,7,7,1,4.413875937320656,14.790629247292866,14.601046800613403
20,ws7_fh7_var3,TCN,7,7,3,6.817016587185768,23.430525788919702,14.660070180892944
20,ws15_fh1_var1,TCN,1,15,1,4.494702312030965,15.280892457925232,11.139689922332764
20,ws15_fh1_var3,TCN,1,15,3,6.703240141811831,22.520166349994287,11.235000848770142
20,ws15_fh3_var1,TCN,3,15,1,3.993796167452435,13.309666893005048,14.282330989837646
20,ws15_fh3_var3,TCN,3,15,3,4.789599876698522,15.763638985579057,14.258869886398315
20,ws15_fh7_var1,TCN,7,15,1,5.075680404504232,17.169508316690294,14.408471822738647
20,ws15_fh7_var3,TCN,7,15,3,8.155260819952348,28.173448367736448,14.732599973678589
20,ws30_fh1_var1,TCN,1,30,1,4.177693866833935,14.425412488729728,10.517399072647097
20,ws30_fh1_var3,TCN,1,30,3,3.751423856392404,12.471936975623285,10.418126106262209
20,ws30_fh3_var1,TCN,3,30,1,3.460755577851959,10.99019754827145,14.224573135375977
20,ws30_fh3_var3,TCN,3,30,3,6.789719756807219,23.32502921002836,14.364660024642944
20,ws30_fh7_var1,TCN,7,30,1,4.647047021326374,15.49337911749813,13.853121757507324
20,ws30_fh7_var3,TCN,7,30,3,5.333595758005009,17.46641768168908,14.045581817626951
21,ws7_fh1_var1,TCN,1,7,1,2.468920154928453,7.460471942013899,15.793330669403076
21,ws7_fh1_var3,TCN,1,7,3,16.131680652259035,56.69068897121918,12.91780924797058
21,ws7_fh3_var1,TCN,3,7,1,3.680700997331089,12.267781806169891,17.92129898071289
21,ws7_fh3_var3,TCN,3,7,3,5.833830092587899,19.05536312139801,17.202613830566406
21,ws7_fh7_var1,TCN,7,7,1,4.93446107408509,16.369416872504203,17.844035148620605
21,ws7_fh7_var3,TCN,7,7,3,6.590817086272993,22.17527418514665,17.25379753112793
21,ws15_fh1_var1,TCN,1,15,1,1.72255311779093,5.117116512694948,13.871848344802856
21,ws15_fh1_var3,TCN,1,15,3,6.571495585298347,21.380574623519585,13.158801078796388
21,ws15_fh3_var1,TCN,3,15,1,3.627585060298925,11.739596177827645,17.240787506103516
21,ws15_fh3_var3,TCN,3,15,3,6.612405044038758,22.88222493131878,16.705583572387695
21,ws15_fh7_var1,TCN,7,15,1,4.910115531224621,16.31362355666949,17.289350509643555
21,ws15_fh7_var3,TCN,7,15,3,5.745154259914911,18.9721049971795,17.247945547103882
21,ws30_fh1_var1,TCN,1,30,1,3.695216989365189,12.419195093343564,13.014217376708984
21,ws30_fh1_var3,TCN,1,30,3,6.816975491764769,23.860886533358237,12.334797859191896
21,ws30_fh3_var1,TCN,3,30,1,4.965301197026921,17.167882669468206,17.603574991226196
21,ws30_fh3_var3,TCN,3,30,3,5.975413769714539,20.736491576805108,16.975298643112183
21,ws30_fh7_var1,TCN,7,30,1,5.211362265281274,17.42781874363779,17.06782364845276
21,ws30_fh7_var3,TCN,7,30,3,6.192623140903801,20.946700584112698,16.68063473701477
22,ws7_fh1_var1,TCN,1,7,1,4.45315596580274,15.50790459192393,12.422502994537354
22,ws7_fh1_var3,TCN,1,7,3,4.462080316821724,15.47937417969973,12.128126621246338
22,ws7_fh3_var1,TCN,3,7,1,2.956771992367614,9.132312314508862,16.315178394317627
22,ws7_fh3_var3,TCN,3,7,3,6.130985308154844,19.94838228933017,16.668154001235962
22,ws7_fh7_var1,TCN,7,7,1,5.206190116445915,17.361895586770864,15.974828481674194
22,ws7_fh7_var3,TCN,7,7,3,10.241892896516022,35.87622575712485,16.22045135498047
22,ws15_fh1_var1,TCN,1,15,1,4.771488462415255,16.51604659726117,12.398022651672363
22,ws15_fh1_var3,TCN,1,15,3,4.796180970894439,15.947566433400224,12.506704092025757
22,ws15_fh3_var1,TCN,3,15,1,4.931428205235355,17.073695824159337,15.595649242401125
22,ws15_fh3_var3,TCN,3,15,3,4.2099255047292,13.455073205082268,15.907151222229004
22,ws15_fh7_var1,TCN,7,15,1,4.877560094191267,16.09711014785068,15.879374980926514
22,ws15_fh7_var3,TCN,7,15,3,7.817327075552543,26.58624751472339,16.16178822517395
22,ws30_fh1_var1,TCN,1,30,1,3.053573799540517,10.033507515538172,11.694195032119753
22,ws30_fh1_var3,TCN,1,30,3,4.458721797209069,15.121897733393167,11.34444499015808
22,ws30_fh3_var1,TCN,3,30,1,3.569658186335943,11.460301259005211,15.971374273300173
22,ws30_fh3_var3,TCN,3,30,3,4.329770626150935,14.45483333537865,15.83138656616211
22,ws30_fh7_var1,TCN,7,30,1,4.674739248931592,15.22816198044068,14.96859884262085
22,ws30_fh7_var3,TCN,7,30,3,9.272358353090336,32.03688578145601,15.678439140319824
23,ws7_fh1_var1,TCN,1,7,1,2.320837480704835,7.454635995617667,12.142271757125854
23,ws7_fh1_var3,TCN,1,7,3,4.61388904676438,16.10391867026476,12.049469709396362
23,ws7_fh3_var1,TCN,3,7,1,5.2255374190556125,18.04274219079317,15.875529050827026
23,ws7_fh3_var3,TCN,3,7,3,6.50976461028614,22.11162059791485,16.01205039024353
23,ws7_fh7_var1,TCN,7,7,1,4.356911619099329,14.006564721842055,16.254997491836548
23,ws7_fh7_var3,TCN,7,7,3,5.229157741334385,16.99012266409363,16.148831367492676
23,ws15_fh1_var1,TCN,1,15,1,3.3007495390776014,11.407926372901253,12.21907091140747
23,ws15_fh1_var3,TCN,1,15,3,4.698875268950001,16.331045946906215,12.180745601654053
23,ws15_fh3_var1,TCN,3,15,1,3.67961861315538,11.98281799696467,15.635802984237673
23,ws15_fh3_var3,TCN,3,15,3,8.256523358343243,27.532734558055544,15.643691778182983
23,ws15_fh7_var1,TCN,7,15,1,4.732893609669223,15.486088137502104,16.0642831325531
23,ws15_fh7_var3,TCN,7,15,3,5.886604979610484,19.43896251282531,15.824464082717896
23,ws30_fh1_var1,TCN,1,30,1,5.811481679729817,21.013026612292364,11.517457008361816
23,ws30_fh1_var3,TCN,1,30,3,4.663811351419253,15.335109232846438,11.378521203994753
23,ws30_fh3_var1,TCN,3,30,1,4.31244309387208,14.64811242081033,15.286092519760132
23,ws30_fh3_var3,TCN,3,30,3,5.651030053221205,18.64001905047575,15.379934787750244
23,ws30_fh7_var1,TCN,7,30,1,5.4317186268436215,18.61823779618941,15.362261295318604
23,ws30_fh7_var3,TCN,7,30,3,8.281804672437753,28.67456804195357,15.566975355148315
24,ws7_fh1_var1,TCN,1,7,1,4.21858768083052,14.752549774491852,12.034027576446531
24,ws7_fh1_var3,TCN,1,7,3,7.282076757663202,23.938233637593285,11.968439102172852
24,ws7_fh3_var1,TCN,3,7,1,2.9908090205105595,9.39974501657996,15.74356746673584
24,ws7_fh3_var3,TCN,3,7,3,5.730722719767951,19.719405886098187,15.61982011795044
24,ws7_fh7_var1,TCN,7,7,1,4.284722127319099,14.029192157686929,15.931535959243774
24,ws7_fh7_var3,TCN,7,7,3,5.653357013639048,18.507010209170225,16.424355268478394
24,ws15_fh1_var1,TCN,1,15,1,2.5163654119264023,8.158791828351783,12.418964862823486
24,ws15_fh1_var3,TCN,1,15,3,6.803126986547896,22.57112194174813,12.142821550369264
24,ws15_fh3_var1,TCN,3,15,1,3.5849756736126133,11.783804391066594,15.746954679489136
24,ws15_fh3_var3,TCN,3,15,3,5.616651795238512,19.29507928519571,15.494141817092896
24,ws15_fh7_var1,TCN,7,15,1,6.474542754392436,22.45793704017042,15.723764181137083
24,ws15_fh7_var3,TCN,7,15,3,7.457187362801426,24.772746151249567,15.81181788444519
24,ws30_fh1_var1,TCN,1,30,1,3.32685864497188,11.74255912420565,11.327444076538086
24,ws30_fh1_var3,TCN,1,30,3,7.298763231543517,26.08420501721538,11.593860626220703
24,ws30_fh3_var1,TCN,3,30,1,6.390771446449507,22.41322556654807,15.224218130111694
24,ws30_fh3_var3,TCN,3,30,3,7.661819470003152,26.380529386289695,15.781518936157228
24,ws30_fh7_var1,TCN,7,30,1,5.594300222919027,18.871334834786012,15.343850374221802
24,ws30_fh7_var3,TCN,7,30,3,8.677043367537793,30.05365699926504,15.397557973861694
25,ws7_fh1_var1,TCN,1,7,1,4.887267753915328,17.26380681873635,12.075268507003784
25,ws7_fh1_var3,TCN,1,7,3,4.754498072279793,15.484719374009998,11.925819396972656
25,ws7_fh3_var1,TCN,3,7,1,7.814980269316366,26.999783964627326,15.884883165359495
25,ws7_fh3_var3,TCN,3,7,3,10.578828130730214,36.2500466720102,15.858588457107544
25,ws7_fh7_var1,TCN,7,7,1,4.5618783848557936,14.839332929531798,15.896567583084106
25,ws7_fh7_var3,TCN,7,7,3,6.971620117933646,23.44919924100268,16.25899076461792
25,ws15_fh1_var1,TCN,1,15,1,4.390988355226117,15.290910797291646,12.28168511390686
25,ws15_fh1_var3,TCN,1,15,3,8.91546491011431,29.49296493195591,12.105448246002195
25,ws15_fh3_var1,TCN,3,15,1,4.64908781968474,15.879421066655466,15.560068130493164
25,ws15_fh3_var3,TCN,3,15,3,8.23177781576262,28.667578415180728,15.539584875106812
25,ws15_fh7_var1,TCN,7,15,1,4.861738311542453,16.341298639568294,15.70084261894226
25,ws15_fh7_var3,TCN,7,15,3,5.620550740675273,18.923765802757604,15.980406284332275
25,ws30_fh1_var1,TCN,1,30,1,2.6224612562990277,8.815856811972257,11.342187643051147
25,ws30_fh1_var3,TCN,1,30,3,6.020445070465104,19.12874530897449,11.215011835098268
25,ws30_fh3_var1,TCN,3,30,1,2.922288536674884,9.425416884424784,15.463167667388916
25,ws30_fh3_var3,TCN,3,30,3,6.97437618132535,22.455773738828714,16.00722312927246
25,ws30_fh7_var1,TCN,7,30,1,4.605402820529867,15.210971079648052,15.361976146697998
25,ws30_fh7_var3,TCN,7,30,3,6.445739134690728,21.460399560998717,15.573310375213625
26,ws7_fh1_var1,TCN,1,7,1,3.49127115051466,12.084916092131554,12.213304042816162
26,ws7_fh1_var3,TCN,1,7,3,3.831866076569015,12.634413194087344,12.140697479248049
26,ws7_fh3_var1,TCN,3,7,1,3.044653200608771,9.461966703113168,15.932982683181764
26,ws7_fh3_var3,TCN,3,7,3,4.276322608365031,13.579465613890186,16.006964683532715
26,ws7_fh7_var1,TCN,7,7,1,4.109680969087121,13.014739258938135,16.37546420097351
26,ws7_fh7_var3,TCN,7,7,3,6.204758299980797,20.378064020483176,15.996029615402222
26,ws15_fh1_var1,TCN,1,15,1,3.0911596574822515,10.316554931085182,12.259396314620972
26,ws15_fh1_var3,TCN,1,15,3,6.200440906569119,21.208129612625918,12.519991397857666
26,ws15_fh3_var1,TCN,3,15,1,2.696887644673039,8.43750334393677,15.578726053237917
26,ws15_fh3_var3,TCN,3,15,3,5.4763782923046485,18.14396058675316,15.954038381576538
26,ws15_fh7_var1,TCN,7,15,1,5.820775594953036,19.836042236525117,15.901878595352173
26,ws15_fh7_var3,TCN,7,15,3,5.545245544996425,17.998674139252905,15.870984077453612
26,ws30_fh1_var1,TCN,1,30,1,2.180743266034633,7.313065984786426,11.264080047607422
26,ws30_fh1_var3,TCN,1,30,3,2.975981769312592,10.033122274431443,11.595716714859009
26,ws30_fh3_var1,TCN,3,30,1,4.026062421930192,12.904075895241936,15.406230449676514
26,ws30_fh3_var3,TCN,3,30,3,7.596876762618759,25.67143244542945,15.799897193908691
26,ws30_fh7_var1,TCN,7,30,1,4.743867862789233,15.776482154958412,15.123141288757324
26,ws30_fh7_var3,TCN,7,30,3,6.138869748888739,20.50726865478512,15.387083053588867
27,ws7_fh1_var1,TCN,1,7,1,4.680705650988202,16.218951954648215,11.887321472167969
27,ws7_fh1_var3,TCN,1,7,3,5.418617424821018,17.978311099634787,12.144904613494871
27,ws7_fh3_var1,TCN,3,7,1,3.498367877694657,11.340771244532467,15.822661876678469
27,ws7_fh3_var3,TCN,3,7,3,5.093346380010684,17.314602379556018,16.06923270225525
27,ws7_fh7_var1,TCN,7,7,1,4.6009915199593525,14.983418963654383,15.982388973236084
27,ws7_fh7_var3,TCN,7,7,3,6.568640013837921,22.412423361991817,16.054935693740845
27,ws15_fh1_var1,TCN,1,15,1,2.720122109312442,8.870501462605624,12.296078205108644
27,ws15_fh1_var3,TCN,1,15,3,6.172977028109934,19.90812200583689,12.59092378616333
27,ws15_fh3_var1,TCN,3,15,1,4.67128210223548,15.727167716926996,15.67898964881897
27,ws15_fh3_var3,TCN,3,15,3,5.012100161388489,17.241438981610106,15.499630451202393
27,ws15_fh7_var1,TCN,7,15,1,6.183628007189361,21.36957985541123,15.965705394744871
27,ws15_fh7_var3,TCN,7,15,3,6.298917436359668,21.19939719165444,15.817241430282593
27,ws30_fh1_var1,TCN,1,30,1,3.761430862820061,12.61620109065252,11.26923680305481
27,ws30_fh1_var3,TCN,1,30,3,9.51772611256532,32.759656771658136,11.241552114486694
27,ws30_fh3_var1,TCN,3,30,1,3.6491422671444154,11.966164925630093,15.490117073059082
27,ws30_fh3_var3,TCN,3,30,3,3.9970258996199184,12.9468350748947,15.514198541641235
27,ws30_fh7_var1,TCN,7,30,1,5.214897573363403,17.57770942122187,15.01147723197937
27,ws30_fh7_var3,TCN,7,30,3,7.148455318456402,24.22151517678285,15.083940267562866
28,ws7_fh1_var1,TCN,1,7,1,3.788952798190491,13.182046899203554,11.821186304092407
28,ws7_fh1_var3,TCN,1,7,3,4.951136317358179,15.81438099749979,11.951088666915894
28,ws7_fh3_var1,TCN,3,7,1,4.264072810057149,14.193037082085644,15.19806742668152
28,ws7_fh3_var3,TCN,3,7,3,6.777584503934232,23.342785785612744,15.578080892562866
28,ws7_fh7_var1,TCN,7,7,1,4.724079185070011,15.46232719905058,15.772090911865234
28,ws7_fh7_var3,TCN,7,7,3,7.630333325459381,26.02320817086285,16.044246435165405
28,ws15_fh1_var1,TCN,1,15,1,1.85390661864935,5.71648430528179,12.088180303573608
28,ws15_fh1_var3,TCN,1,15,3,4.1523151174383965,13.626071158297265,12.320452451705933
28,ws15_fh3_var1,TCN,3,15,1,4.629221427956325,15.859924278850116,15.32020092010498
28,ws15_fh3_var3,TCN,3,15,3,5.683471624397517,19.266013473847053,15.50581669807434
28,ws15_fh7_var1,TCN,7,15,1,4.848185243240853,16.346893296766716,15.714292526245115
28,ws15_fh7_var3,TCN,7,15,3,6.0846304110131735,20.66764456723884,15.681955337524414
28,ws30_fh1_var1,TCN,1,30,1,8.282644499576882,29.74575592485362,10.679244995117188
28,ws30_fh1_var3,TCN,1,30,3,7.7300053214228095,26.391587851774712,11.315942764282228
28,ws30_fh3_var1,TCN,3,30,1,3.2981357001094835,10.752197031011008,15.357983827590942
28,ws30_fh3_var3,TCN,3,30,3,6.179787743732633,18.79637630795044,15.917428493499756
28,ws30_fh7_var1,TCN,7,30,1,5.492027167412624,18.90951713424989,14.996707677841188
28,ws30_fh7_var3,TCN,7,30,3,8.329299076162226,28.981998131588423,15.063556432724
29,ws7_fh1_var1,TCN,1,7,1,4.475701330020268,15.632308544389543,11.901878595352173
29,ws7_fh1_var3,TCN,1,7,3,6.514869128691955,21.310989837800985,12.09449338912964
29,ws7_fh3_var1,TCN,3,7,1,5.740010688235007,19.729773947189774,15.923045635223389
29,ws7_fh3_var3,TCN,3,7,3,9.098030644354964,31.5675151335234,15.665245294570925
29,ws7_fh7_var1,TCN,7,7,1,5.572028114006846,18.991308288784573,16.011191606521606
29,ws7_fh7_var3,TCN,7,7,3,6.182330884002863,20.849737441719565,15.835920095443726
29,ws15_fh1_var1,TCN,1,15,1,4.019814517874179,13.729050843823288,12.34019160270691
29,ws15_fh1_var3,TCN,1,15,3,4.813109924697628,16.791007853283485,12.049455642700195
29,ws15_fh3_var1,TCN,3,15,1,3.4636700244138923,11.342704404774388,15.507901668548584
29,ws15_fh3_var3,TCN,3,15,3,6.697291225663522,22.92493011779581,15.624743223190308
29,ws15_fh7_var1,TCN,7,15,1,5.13674183487429,17.385987209901746,15.663371324539185
29,ws15_fh7_var3,TCN,7,15,3,5.470659016931877,17.82876831203464,16.019599437713623
29,ws30_fh1_var1,TCN,1,30,1,3.4157302653387096,11.013176102373604,11.217641353607178
29,ws30_fh1_var3,TCN,1,30,3,3.924644027547456,12.248251157269928,11.249789714813232
29,ws30_fh3_var1,TCN,3,30,1,3.3988763123499823,10.95533231931412,15.64433765411377
29,ws30_fh3_var3,TCN,3,30,3,7.04431401255984,23.289351923654955,15.599714756011965
29,ws30_fh7_var1,TCN,7,30,1,4.510234296965073,14.2519355997061,15.224028825759888
29,ws30_fh7_var3,TCN,7,30,3,7.867855700565596,26.38396064960194,15.535191535949709
30,ws7_fh1_var1,TCN,1,7,1,4.04888152818081,14.199800795184784,11.995641231536863
30,ws7_fh1_var3,TCN,1,7,3,8.676333705929467,29.35099680160437,12.149606704711914
30,ws7_fh3_var1,TCN,3,7,1,4.794745569090894,15.9064595831396,16.088913202285767
30,ws7_fh3_var3,TCN,3,7,3,4.483587576273256,14.806328756186709,16.05799174308777
30,ws7_fh7_var1,TCN,7,7,1,4.413875862951558,14.790628719432029,15.963886022567747
30,ws7_fh7_var3,TCN,7,7,3,6.817016747798023,23.430526398119028,16.047391414642334
30,ws15_fh1_var1,TCN,1,15,1,4.494701292736856,15.280888691024169,12.151735544204712
30,ws15_fh1_var3,TCN,1,15,3,6.703240347420513,22.520166857111565,12.423198699951172
30,ws15_fh3_var1,TCN,3,15,1,3.993796638077921,13.309668633387476,15.774693965911863
30,ws15_fh3_var3,TCN,3,15,3,4.789600079856728,15.76363991520486,15.646489143371582
30,ws15_fh7_var1,TCN,7,15,1,5.075681823400845,17.16951434321807,15.675132513046265
30,ws15_fh7_var3,TCN,7,15,3,8.155261391277975,28.173450426216306,15.81990122795105
30,ws30_fh1_var1,TCN,1,30,1,4.177693518841921,14.425411152066072,11.512224197387695
30,ws30_fh1_var3,TCN,1,30,3,3.7514242748638127,12.471938492555497,11.402090311050417
30,ws30_fh3_var1,TCN,3,30,1,3.4607556205318275,10.990197892724357,15.861632823944092
30,ws30_fh3_var3,TCN,3,30,3,6.78971966997576,23.32502895037556,15.823766946792604
30,ws30_fh7_var1,TCN,7,30,1,4.647047508752889,15.493381367291269,15.356162309646606
30,ws30_fh7_var3,TCN,7,30,3,5.344820311220663,17.514585498363623,15.43468713760376
31,ws7_fh1_var1,TCN,1,7,1,2.468919591889612,7.460469647794471,15.851032972335815
31,ws7_fh1_var3,TCN,1,7,3,16.131680652259035,56.69068897121918,12.694045305252075
31,ws7_fh3_var1,TCN,3,7,1,3.680701084623933,12.267782274683665,17.673577547073364
31,ws7_fh3_var3,TCN,3,7,3,5.8338296721273695,19.055361566225397,16.877151012420654
31,ws7_fh7_var1,TCN,7,7,1,4.934460442260231,16.369414151524584,17.567166566848755
31,ws7_fh7_var3,TCN,7,7,3,6.584814905731041,22.15142412747165,17.220738172531128
31,ws15_fh1_var1,TCN,1,15,1,1.72255398397219,5.117120032084599,13.78385090827942
31,ws15_fh1_var3,TCN,1,15,3,6.571495375315012,21.38057390743355,13.317485809326172
31,ws15_fh3_var1,TCN,3,15,1,3.627584884910544,11.739595268997068,17.147262573242188
31,ws15_fh3_var3,TCN,3,15,3,6.632754140967158,22.969158331327854,16.546746492385864
31,ws15_fh7_var1,TCN,7,15,1,4.910115516156692,16.313623967174436,17.153695106506348
31,ws15_fh7_var3,TCN,7,15,3,5.745154259914911,18.9721049971795,16.815399646759033
31,ws30_fh1_var1,TCN,1,30,1,3.695218059771004,12.419205313477184,12.517908811569214
31,ws30_fh1_var3,TCN,1,30,3,6.816975192227339,23.86088549696392,12.1300368309021
31,ws30_fh3_var1,TCN,3,30,1,4.965299997575428,17.16787795630038,17.198020935058594
31,ws30_fh3_var3,TCN,3,30,3,5.975414180324314,20.73649304546645,16.71152687072754
31,ws30_fh7_var1,TCN,7,30,1,5.20570691798352,17.40551194698359,16.870277404785156
31,ws30_fh7_var3,TCN,7,30,3,6.192618982921714,20.94668456274164,16.208889961242676
32,ws7_fh1_var1,TCN,1,7,1,4.453155970167383,15.507904641792315,11.853776931762695
32,ws7_fh1_var3,TCN,1,7,3,4.462080316821724,15.47937417969973,11.949284791946411
32,ws7_fh3_var1,TCN,3,7,1,2.956771804688,9.132311522528628,15.63883137702942
32,ws7_fh3_var3,TCN,3,7,3,6.130984995355488,19.94838095377051,15.594223737716677
32,ws7_fh7_var1,TCN,7,7,1,5.2061901720665,17.36189563234964,16.145569562911987
32,ws7_fh7_var3,TCN,7,7,3,10.241895421315652,35.87623484059851,16.07444667816162
32,ws15_fh1_var1,TCN,1,15,1,4.7714887423930366,16.51604751199666,12.084309101104736
32,ws15_fh1_var3,TCN,1,15,3,4.796181010266315,15.947566645988676,12.087831735610962
32,ws15_fh3_var1,TCN,3,15,1,4.931426394350331,17.073689168818397,14.937490940093994
32,ws15_fh3_var3,TCN,3,15,3,4.209925911045614,13.455074772638062,15.433518648147585
32,ws15_fh7_var1,TCN,7,15,1,4.87755964340907,16.097108152983626,15.518995761871338
32,ws15_fh7_var3,TCN,7,15,3,7.817327075552543,26.58624751472339,15.905828475952148
32,ws30_fh1_var1,TCN,1,30,1,3.05357390525961,10.033508009743375,11.057681322097778
32,ws30_fh1_var3,TCN,1,30,3,4.458723550384025,15.121904871459463,11.352085828781128
32,ws30_fh3_var1,TCN,3,30,1,3.569657909652653,11.46030008678675,15.609124660491943
32,ws30_fh3_var3,TCN,3,30,3,4.329770866041234,14.454834245594071,15.350914478302002
32,ws30_fh7_var1,TCN,7,30,1,4.674738885416356,15.228160627794288,14.630563259124756
32,ws30_fh7_var3,TCN,7,30,3,9.27235848205922,32.036886267140325,15.239666938781738
33,ws7_fh1_var1,TCN,1,7,1,2.3208376989369444,7.454636718529836,11.727312088012695
33,ws7_fh1_var3,TCN,1,7,3,4.61388904676438,16.10391867026476,12.08177924156189
33,ws7_fh3_var1,TCN,3,7,1,5.225537648926768,18.04274294380208,15.44663429260254
33,ws7_fh3_var3,TCN,3,7,3,6.509764517173774,22.111620422621574,15.634533643722534
33,ws7_fh7_var1,TCN,7,7,1,4.356911943448589,14.00656607390903,15.736334085464478
33,ws7_fh7_var3,TCN,7,7,3,5.2291571195087325,16.99012007519169,15.502369403839111
33,ws15_fh1_var1,TCN,1,15,1,3.300750934591853,11.407931756254124,12.262532711029053
33,ws15_fh1_var3,TCN,1,15,3,4.698874901479163,16.331044490253866,12.197150707244871
33,ws15_fh3_var1,TCN,3,15,1,3.679618461152117,11.982817328763256,15.287777185440063
33,ws15_fh3_var3,TCN,3,15,3,8.256523552732032,27.5327354209194,15.663986921310425
33,ws15_fh7_var1,TCN,7,15,1,4.733934551845739,15.490916150509896,15.40697455406189
33,ws15_fh7_var3,TCN,7,15,3,5.886604979610484,19.43896251282531,15.359975814819336
33,ws30_fh1_var1,TCN,1,30,1,5.811481626870271,21.013026437374585,11.05543613433838
33,ws30_fh1_var3,TCN,1,30,3,4.663811972518923,15.33511134834725,10.909435987472534
33,ws30_fh3_var1,TCN,3,30,1,4.312442780395799,14.64811087832494,15.014403343200684
33,ws30_fh3_var3,TCN,3,30,3,5.6510299251815965,18.640018487919328,15.569149494171144
33,ws30_fh7_var1,TCN,7,30,1,5.431721377547599,18.61824986292024,15.175590991973875
33,ws30_fh7_var3,TCN,7,30,3,8.281801910354167,28.67455785452833,14.974858283996582
34,ws7_fh1_var1,TCN,1,7,1,4.218587510609475,14.752549167408077,11.625905513763428
34,ws7_fh1_var3,TCN,1,7,3,7.282076757663202,23.938233637593285,11.77467155456543
34,ws7_fh3_var1,TCN,3,7,1,2.9908091281717333,9.399745670188956,15.642479181289673
34,ws7_fh3_var3,TCN,3,7,3,5.730722635384869,19.719405588299544,15.72223687171936
34,ws7_fh7_var1,TCN,7,7,1,4.284720251217986,14.029184182661997,15.572834253311155
34,ws7_fh7_var3,TCN,7,7,3,5.653357415482158,18.507011923205884,15.63569688796997
34,ws15_fh1_var1,TCN,1,15,1,2.516365661281613,8.158792752600315,11.896153450012209
34,ws15_fh1_var3,TCN,1,15,3,6.80324685203537,22.571521777702216,12.277278184890749
34,ws15_fh3_var1,TCN,3,15,1,3.584975347682541,11.783803100313827,15.126156568527222
34,ws15_fh3_var3,TCN,3,15,3,5.616652419328832,19.295081781367426,15.244333982467651
34,ws15_fh7_var1,TCN,7,15,1,6.474544124318281,22.457942405380376,15.16512370109558
34,ws15_fh7_var3,TCN,7,15,3,7.457187362801426,24.772746151249567,15.498839855194092
34,ws30_fh1_var1,TCN,1,30,1,3.3268602263533094,11.742565272199872,11.204955339431764
34,ws30_fh1_var3,TCN,1,30,3,7.29876376013898,26.08420678127693,11.023274660110474
34,ws30_fh3_var1,TCN,3,30,1,6.390771648075096,22.41322628800848,15.162243366241457
34,ws30_fh3_var3,TCN,3,30,3,7.6618195023809825,26.38052948101611,15.267383337020874
34,ws30_fh7_var1,TCN,7,30,1,5.594300160331187,18.87133528988231,14.787752389907835
34,ws30_fh7_var3,TCN,7,30,3,8.677045540410598,30.05366544289673,14.853648900985718
35,ws7_fh1_var1,TCN,1,7,1,4.88726785866674,17.26380722921635,11.528056621551514
35,ws7_fh1_var3,TCN,1,7,3,4.754498072279793,15.484719374009998,11.691449165344238
35,ws7_fh3_var1,TCN,3,7,1,7.814980273681009,26.999783994623733,15.409617900848389
35,ws7_fh3_var3,TCN,3,7,3,10.578828041982488,36.25004649020882,15.535176277160645
35,ws7_fh7_var1,TCN,7,7,1,4.561877236821901,14.8393281736623,15.619616508483888
35,ws7_fh7_var3,TCN,7,7,3,6.971617052551912,23.449187655296488,15.563031435012816
35,ws15_fh1_var1,TCN,1,15,1,4.390988254609102,15.290910587180171,11.790583610534668
35,ws15_fh1_var3,TCN,1,15,3,8.91546519009209,29.492966119469585,11.937252283096312
35,ws15_fh3_var1,TCN,3,15,1,4.654075966548265,15.897114891962609,15.151429414749146
35,ws15_fh3_var3,TCN,3,15,3,8.231778455930206,28.667580935011177,15.307612895965576
35,ws15_fh7_var1,TCN,7,15,1,4.861737993860291,16.341297413923193,15.723212242126465
35,ws15_fh7_var3,TCN,7,15,3,5.620550740675273,18.923765802757604,15.374626636505129
35,ws30_fh1_var1,TCN,1,30,1,2.622459948025253,8.815851636969596,10.954034090042114
35,ws30_fh1_var3,TCN,1,30,3,6.020445215828856,19.128746037337667,11.000921249389648
35,ws30_fh3_var1,TCN,3,30,1,2.9222872695242867,9.425412080196404,15.00396728515625
35,ws30_fh3_var3,TCN,3,30,3,6.974376510990545,22.45577506045343,15.35487675666809
35,ws30_fh7_var1,TCN,7,30,1,4.605404439595113,15.210977895006788,14.795237064361572
35,ws30_fh7_var3,TCN,7,30,3,6.446426329369962,21.464351336294925,15.20893120765686
36,ws7_fh1_var1,TCN,1,7,1,3.4912713381942737,12.084916762959477,11.8368022441864
36,ws7_fh1_var3,TCN,1,7,3,3.831866076569015,12.634413194087344,11.792527675628662
36,ws7_fh3_var1,TCN,3,7,1,3.044653197699009,9.46196666896724,15.494701385498049
36,ws7_fh3_var3,TCN,3,7,3,4.276322310114481,13.579464632764982,15.521363735198976
36,ws7_fh7_var1,TCN,7,7,1,4.109680916591288,13.014739467456174,15.668228149414062
36,ws7_fh7_var3,TCN,7,7,3,6.20263237985968,20.397313022818143,15.595216989517212
36,ws15_fh1_var1,TCN,1,15,1,3.091159491245444,10.31655437652695,11.939244508743286
36,ws15_fh1_var3,TCN,1,15,3,6.200440512850364,21.20812797683625,12.093721866607666
36,ws15_fh3_var1,TCN,3,15,1,2.6968875204396032,8.43750284687856,15.280220985412598
36,ws15_fh3_var3,TCN,3,15,3,5.476376630499748,18.143954543578666,15.13212776184082
36,ws15_fh7_var1,TCN,7,15,1,5.820775385885527,19.836041167301268,15.40317416191101
36,ws15_fh7_var3,TCN,7,15,3,5.545245544996425,17.998674139252905,15.527334451675417
36,ws30_fh1_var1,TCN,1,30,1,2.1737522153317057,7.280526091622377,11.085259675979614
36,ws30_fh1_var3,TCN,1,30,3,3.01070382449224,10.15912027135277,11.132084846496582
36,ws30_fh3_var1,TCN,3,30,1,4.026062396910959,12.904075775391854,15.18648362159729
36,ws30_fh3_var3,TCN,3,30,3,7.596877296852983,25.671434103070467,15.28162169456482
36,ws30_fh7_var1,TCN,7,30,1,4.7438671635755805,15.776479264630092,14.71062684059143
36,ws30_fh7_var3,TCN,7,30,3,6.127521714278093,20.462923651265864,14.798057556152344
37,ws7_fh1_var1,TCN,1,7,1,4.680704586015509,16.218948044149506,11.570733547210692
37,ws7_fh1_var3,TCN,1,7,3,5.418617424821018,17.978311099634787,11.835240364074709
37,ws7_fh3_var1,TCN,3,7,1,3.498367807860383,11.340771026624626,15.559236764907835
37,ws7_fh3_var3,TCN,3,7,3,5.093346515314591,17.31460287877597,15.620559930801392
37,ws7_fh7_var1,TCN,7,7,1,4.600990979377253,14.983416867675794,15.571086883544922
37,ws7_fh7_var3,TCN,7,7,3,6.568641013133617,22.412426967680897,15.594721794128418
37,ws15_fh1_var1,TCN,1,15,1,2.720122017444733,8.870501066149673,11.90240716934204
37,ws15_fh1_var3,TCN,1,15,3,6.172976525024859,19.908120255700545,12.14694094657898
37,ws15_fh3_var1,TCN,3,15,1,4.671281935616519,15.727167344714276,15.515437841415403
37,ws15_fh3_var3,TCN,3,15,3,5.012100425932629,17.241440012678556,15.220032215118408
37,ws15_fh7_var1,TCN,7,15,1,6.183628021001629,21.36958008475879,15.373262166976929
37,ws15_fh7_var3,TCN,7,15,3,6.298917436359668,21.19939719165444,15.334508419036863
37,ws30_fh1_var1,TCN,1,30,1,3.761431224026962,12.616202417691868,10.836223602294922
37,ws30_fh1_var3,TCN,1,30,3,9.517726328408466,32.75965735231688,11.180108070373535
37,ws30_fh3_var1,TCN,3,30,1,3.6491422229928254,11.966164658063043,15.311017990112305
37,ws30_fh3_var3,TCN,3,30,3,3.997026092415189,12.946835666797371,15.355944395065308
37,ws30_fh7_var1,TCN,7,30,1,5.206386649998978,17.54138337937436,14.88890528678894
37,ws30_fh7_var3,TCN,7,30,3,7.148454626196956,24.221512518340045,14.941881656646729
38,ws7_fh1_var1,TCN,1,7,1,3.7889530207872415,13.182047665377858,11.779146671295166
38,ws7_fh1_var3,TCN,1,7,3,4.951136317358179,15.81438099749979,11.682192087173462
38,ws7_fh3_var1,TCN,3,7,1,4.264072830425479,14.193037234523356,15.439229249954224
38,ws7_fh3_var3,TCN,3,7,3,6.777584387543773,23.342785431447663,15.549681901931764
38,ws7_fh7_var1,TCN,7,7,1,4.724078122029374,15.462322940822022,15.51008939743042
38,ws7_fh7_var3,TCN,7,7,3,7.630332927990927,26.02320702751351,15.887523889541626
38,ws15_fh1_var1,TCN,1,15,1,1.853906334296916,5.716483052073736,11.836066246032717
38,ws15_fh1_var3,TCN,1,15,3,4.152315296799162,13.626071714027749,12.063807249069214
38,ws15_fh3_var1,TCN,3,15,1,4.6292218912739616,15.859925915877762,15.167664766311646
38,ws15_fh3_var3,TCN,3,15,3,5.6940726760598,19.30575223021261,15.313165426254272
38,ws15_fh7_var1,TCN,7,15,1,4.84818513525403,16.346892728941924,15.41681718826294
38,ws15_fh7_var3,TCN,7,15,3,6.0846304110131735,20.66764456723884,15.51684832572937
38,ws30_fh1_var1,TCN,1,30,1,8.282644622915825,29.7457564565926,10.53568959236145
38,ws30_fh1_var3,TCN,1,30,3,7.730004387570823,26.39158481354874,11.161604642868042
38,ws30_fh3_var1,TCN,3,30,1,3.298135182064176,10.752195204161364,15.099781036376951
38,ws30_fh3_var3,TCN,3,30,3,6.179787986566371,18.79637742122038,15.39019012451172
38,ws30_fh7_var1,TCN,7,30,1,5.492022176190398,18.90949793163282,14.809293031692505
38,ws30_fh7_var3,TCN,7,30,3,8.329300162282527,28.9820020372357,14.909803628921509
39,ws7_fh1_var1,TCN,1,7,1,4.475700950296398,15.632307190502798,11.557804584503174
39,ws7_fh1_var3,TCN,1,7,3,6.514869128691955,21.310989837800985,11.721315383911133
39,ws7_fh3_var1,TCN,3,7,1,5.740010925380564,19.729774922593247,15.470081329345703
39,ws7_fh3_var3,TCN,3,7,3,9.09803117102179,31.56751698720244,15.467921257019045
39,ws7_fh7_var1,TCN,7,7,1,5.572030254461979,18.991316568702,15.58574080467224
39,ws7_fh7_var3,TCN,7,7,3,6.1930261923716285,20.898471957445704,15.577248334884644
39,ws15_fh1_var1,TCN,1,15,1,4.019814461003692,13.729050645867613,11.980231046676636
39,ws15_fh1_var3,TCN,1,15,3,4.813110865247985,16.791011463061125,11.997226238250732
39,ws15_fh3_var1,TCN,3,15,1,3.463670315266289,11.342705524265217,14.940200805664062
39,ws15_fh3_var3,TCN,3,15,3,6.697291724058836,22.924931838003246,15.172730207443236
39,ws15_fh7_var1,TCN,7,15,1,5.136743059771322,17.38599252806821,15.24165391921997
39,ws15_fh7_var3,TCN,7,15,3,5.470659016931877,17.82876831203464,15.366435527801514
39,ws30_fh1_var1,TCN,1,30,1,3.415730278553596,11.01317620590089,10.996424674987791
39,ws30_fh1_var3,TCN,1,30,3,3.924643692770328,12.24825036835226,11.037049055099487
39,ws30_fh3_var1,TCN,3,30,1,3.3988759709110297,10.955330822963996,14.954116821289062
39,ws30_fh3_var3,TCN,3,30,3,7.044314373131146,23.28935329253286,15.085278034210203
39,ws30_fh7_var1,TCN,7,30,1,4.510234233112832,14.251935361483618,14.578776836395264
39,ws30_fh7_var3,TCN,7,30,3,7.867856100748454,26.383962046099207,14.742318868637083
40,ws7_fh1_var1,TCN,1,7,1,4.048881912269322,14.199802142494436,11.46702480316162
40,ws7_fh1_var3,TCN,1,7,3,8.676333705929467,29.35099680160437,11.539506435394289
40,ws7_fh3_var1,TCN,3,7,1,4.794745611282435,15.906459644716788,15.033222675323486
40,ws7_fh3_var3,TCN,3,7,3,4.483587656291696,14.806329126386448,15.364218711853027
40,ws7_fh7_var1,TCN,7,7,1,4.413875579849026,14.79062771192712,15.42080855369568
40,ws7_fh7_var3,TCN,7,7,3,6.81701641844916,23.43052511406995,15.45722723007202
40,ws15_fh1_var1,TCN,1,15,1,4.494702675127149,15.28089383958535,11.851452827453612
40,ws15_fh1_var3,TCN,1,15,3,6.703240207431623,22.520166552607325,11.904756546020508
40,ws15_fh3_var1,TCN,3,15,1,3.993796269762323,13.309667284519008,15.005634784698486
40,ws15_fh3_var3,TCN,3,15,3,4.789599948315444,15.763639214063652,15.196014165878296
40,ws15_fh7_var1,TCN,7,15,1,5.07568123826295,17.169512031929308,15.152203559875488
40,ws15_fh7_var3,TCN,7,15,3,8.155261391277975,28.173450426216306,15.437195539474487
40,ws30_fh1_var1,TCN,1,30,1,4.1776935540816185,14.425411354653203,10.829581499099731
40,ws30_fh1_var3,TCN,1,30,3,3.751423953301572,12.471937687238425,10.886552810668944
40,ws30_fh3_var1,TCN,3,30,1,3.460755352678856,10.990196649744936,14.922889232635498
40,ws30_fh3_var3,TCN,3,30,3,6.789719291743817,23.32502744745318,14.94982409477234
40,ws30_fh7_var1,TCN,7,30,1,4.647047309609761,15.493380576321696,14.667314529418944
40,ws30_fh7_var3,TCN,7,30,3,5.333596009620771,17.466418931949377,14.884580373764038
41,ws7_fh1_var1,TCN,1,7,1,2.4689198232156477,7.460470602314008,15.440305471420288
41,ws7_fh1_var3,TCN,1,7,3,16.131680652259035,56.69068897121918,12.639533042907717
41,ws7_fh3_var1,TCN,3,7,1,3.680700282984653,12.267779056993334,17.73404359817505
41,ws7_fh3_var3,TCN,3,7,3,5.833829728867717,19.05536176432189,16.960885763168335
41,ws7_fh7_var1,TCN,7,7,1,4.934460819730274,16.369415711720738,17.713552236557007
41,ws7_fh7_var3,TCN,7,7,3,6.584815295700092,22.151425600410565,16.83398413658142
41,ws15_fh1_var1,TCN,1,15,1,1.7225541545836502,5.11712075933166,13.553825855255129
41,ws15_fh1_var3,TCN,1,15,3,6.571495782157724,21.380575557895604,13.259130716323853
41,ws15_fh3_var1,TCN,3,15,1,3.6275849974514216,11.739595775876644,17.090593099594116
41,ws15_fh3_var3,TCN,3,15,3,6.612405041115618,22.88222499779208,16.519123554229736
41,ws15_fh7_var1,TCN,7,15,1,4.9101156542793705,16.313624145149966,17.248939990997314
41,ws15_fh7_var3,TCN,7,15,3,5.745153849941687,18.972103475289163,16.866543531417847
41,ws30_fh1_var1,TCN,1,30,1,3.69521701139,12.419195182810324,12.469448328018188
41,ws30_fh1_var3,TCN,1,30,3,6.816974985194116,23.86088469890792,12.251609325408936
41,ws30_fh3_var1,TCN,3,30,1,4.965300434676156,17.167879640809634,17.51922917366028
41,ws30_fh3_var3,TCN,3,30,3,5.975414880862856,20.736495960596653,16.74075698852539
41,ws30_fh7_var1,TCN,7,30,1,5.205706471017831,17.405510275728247,17.121833086013794
41,ws30_fh7_var3,TCN,7,30,3,6.192618969013305,20.946684416212964,16.375516176223755
42,ws7_fh1_var1,TCN,1,7,1,4.453156026907731,15.507904813597994,11.720147371292114
42,ws7_fh1_var3,TCN,1,7,3,4.462080316821724,15.47937417969973,12.070879936218262
42,ws7_fh3_var1,TCN,3,7,1,2.956772150949613,9.132313145824597,15.92811131477356
42,ws7_fh3_var3,TCN,3,7,3,6.130984947344423,19.94838080969815,15.98044466972351
42,ws7_fh7_var1,TCN,7,7,1,5.206189637733905,17.3618933097241,15.97715139389038
42,ws7_fh7_var3,TCN,7,7,3,10.241894573882906,35.87623177959082,15.944704055786133
42,ws15_fh1_var1,TCN,1,15,1,4.771488576156229,16.51604713474794,11.932081699371338
42,ws15_fh1_var3,TCN,1,15,3,4.796181189627081,15.947567286803658,12.209309339523315
42,ws15_fh3_var1,TCN,3,15,1,4.931426179499566,17.073688430392057,15.608336687088013
42,ws15_fh3_var3,TCN,3,15,3,4.209925702041128,13.455073990676375,15.731943607330322
42,ws15_fh7_var1,TCN,7,15,1,4.877559876961963,16.097109755898707,15.798300743103027
42,ws15_fh7_var3,TCN,7,15,3,7.817327417720089,26.586248810748906,15.698068141937256
42,ws30_fh1_var1,TCN,1,30,1,3.053574055028325,10.033508644442762,11.620014429092407
42,ws30_fh1_var3,TCN,1,30,3,4.458722475573248,15.121900337640604,11.266641855239868
42,ws30_fh3_var1,TCN,3,30,1,3.56965816278843,11.46030107602163,15.765158891677856
42,ws30_fh3_var3,TCN,3,30,3,4.329770418638469,14.454832559718724,15.555303573608398
42,ws30_fh7_var1,TCN,7,30,1,4.674739369049669,15.22816245774501,15.195529460906982
42,ws30_fh7_var3,TCN,7,30,3,9.272357779052363,32.03688339600988,15.055129289627075
43,ws7_fh1_var1,TCN,1,7,1,2.320837546174468,7.454636130740054,11.737545728683472
43,ws7_fh1_var3,TCN,1,7,3,4.61388904676438,16.10391867026476,11.85841941833496
43,ws7_fh3_var1,TCN,3,7,1,5.225537509258218,18.042742494337872,15.658255100250244
43,ws7_fh3_var3,TCN,3,7,3,6.50976437023082,22.11161974564401,15.7825825214386
43,ws7_fh7_var1,TCN,7,7,1,4.356911910951167,14.00656589217071,15.708870887756348
43,ws7_fh7_var3,TCN,7,7,3,5.229157253248119,16.990120931686263,15.980084419250488
43,ws15_fh1_var1,TCN,1,15,1,3.300751297688038,11.407933074627948,12.19176197052002
43,ws15_fh1_var3,TCN,1,15,3,4.6988754351868085,16.33104650834804,12.229336023330688
43,ws15_fh3_var1,TCN,3,15,1,3.679618832390856,11.98281876512329,15.44251585006714
43,ws15_fh3_var3,TCN,3,15,3,8.256523342265975,27.53273484317312,15.43883728981018
43,ws15_fh7_var1,TCN,7,15,1,4.732893714516893,15.486088561142704,15.885991096496582
43,ws15_fh7_var3,TCN,7,15,3,5.886604407029195,19.438960130702828,15.599124193191528
43,ws30_fh1_var1,TCN,1,30,1,5.81148222594513,21.013028644679125,11.281859874725342
43,ws30_fh1_var3,TCN,1,30,3,4.663811695006304,15.335110589875455,11.503793001174929
43,ws30_fh3_var1,TCN,3,30,1,4.312443291082509,14.648112973052182,15.352206945419312
43,ws30_fh3_var3,TCN,3,30,3,5.6510297103105325,18.640017585092703,15.209856510162354
43,ws30_fh7_var1,TCN,7,30,1,5.431720267403683,18.618244260368296,15.186076641082764
43,ws30_fh7_var3,TCN,7,30,3,8.280844688261567,28.66202344808429,15.058248281478882
44,ws7_fh1_var1,TCN,1,7,1,4.218587571714465,14.75254935596121,11.777899980545044
44,ws7_fh1_var3,TCN,1,7,3,7.282076757663202,23.938233637593285,11.888834238052368
44,ws7_fh3_var1,TCN,3,7,1,2.990809093254596,9.399745450434512,15.87087106704712
44,ws7_fh3_var3,TCN,3,7,3,5.730722965642794,19.719406763853687,15.597768783569336
44,ws7_fh7_var1,TCN,7,7,1,4.284719940617636,14.029182890628276,15.747711420059204
44,ws7_fh7_var3,TCN,7,7,3,5.653357124880221,18.50701069060533,15.734351634979248
44,ws15_fh1_var1,TCN,1,15,1,2.5163656919041832,8.158792735762898,12.03540849685669
44,ws15_fh1_var3,TCN,1,15,3,6.803126728443378,22.57112050120376,12.343661069869995
44,ws15_fh3_var1,TCN,3,15,1,3.5849754163763223,11.783803308384734,15.226211309432983
44,ws15_fh3_var3,TCN,3,15,3,5.616652473406916,19.29508192420358,15.483557224273682
44,ws15_fh7_var1,TCN,7,15,1,6.474543231543509,22.4579389732221,15.445836544036863
44,ws15_fh7_var3,TCN,7,15,3,7.45507513930997,24.765440322777103,15.549709796905518
44,ws30_fh1_var1,TCN,1,30,1,3.3268587991455565,11.742559753367198,11.142715454101562
44,ws30_fh1_var3,TCN,1,30,3,7.29876273818775,26.08420334534356,11.074547052383425
44,ws30_fh3_var1,TCN,3,30,1,6.3907715244506464,22.41322585840908,15.172746419906616
44,ws30_fh3_var3,TCN,3,30,3,7.661819107960123,26.380528293351077,15.753432989120483
44,ws30_fh7_var1,TCN,7,30,1,5.594298507127119,18.871328260417112,15.282663345336914
44,ws30_fh7_var3,TCN,7,30,3,8.669579048268039,30.027780640104616,15.512131929397585
45,ws7_fh1_var1,TCN,1,7,1,4.887267788832465,17.263806972745964,11.801186323165894
45,ws7_fh1_var3,TCN,1,7,3,4.754498072279793,15.484719374009998,11.917946100234984
45,ws7_fh3_var1,TCN,3,7,1,7.814980102005083,26.999783351759195,15.70121145248413
45,ws7_fh3_var3,TCN,3,7,3,10.57882806671546,36.25004659971119,15.926722764968872
45,ws7_fh7_var1,TCN,7,7,1,4.561877756780636,14.839330311305938,15.866021871566772
45,ws7_fh7_var3,TCN,7,7,3,6.971617381275824,23.449188873723397,15.879318237304688
45,ws15_fh1_var1,TCN,1,15,1,4.390988722696954,15.290912193995243,12.15878963470459
45,ws15_fh1_var3,TCN,1,15,3,8.915465159469521,29.49296596508089,12.05523920059204
45,ws15_fh3_var1,TCN,3,15,1,4.6490877729145055,15.87942088898069,15.350155115127563
45,ws15_fh3_var3,TCN,3,15,3,8.231777964842742,28.667579032805605,15.33724808692932
45,ws15_fh7_var1,TCN,7,15,1,4.86173846284957,16.34129926742297,15.661919593811035
45,ws15_fh7_var3,TCN,7,15,3,5.620550184417574,18.92376363094908,15.73910140991211
45,ws30_fh1_var1,TCN,1,30,1,2.622460745323412,8.815854781566438,11.17430567741394
45,ws30_fh1_var3,TCN,1,30,3,6.020444612349035,19.12874381662382,11.233919382095335
45,ws30_fh3_var1,TCN,3,30,1,2.922288268821912,9.425415957771516,15.336490631103516
45,ws30_fh3_var3,TCN,3,30,3,6.9743760768332566,22.45577416913057,15.619988441467283
45,ws30_fh7_var1,TCN,7,30,1,4.605404084930684,15.21097635234617,15.08580231666565
45,ws30_fh7_var3,TCN,7,30,3,6.44642635781898,21.4643514908132,15.08501124382019
46,ws7_fh1_var1,TCN,1,7,1,3.491271172337871,12.084916176447589,11.745934963226318
46,ws7_fh1_var3,TCN,1,7,3,3.831866076569015,12.634413194087344,11.830468893051147
46,ws7_fh3_var1,TCN,3,7,1,3.0446531235000927,9.461966442897856,15.569164037704468
46,ws7_fh3_var3,TCN,3,7,3,4.2763223217535264,13.5794646446556,15.555548191070557
46,ws7_fh7_var1,TCN,7,7,1,4.109681042206319,13.01474005404953,15.781641721725464
46,ws7_fh7_var3,TCN,7,7,3,6.202632150502882,20.397312029616867,15.97660994529724
46,ws15_fh1_var1,TCN,1,15,1,3.0911598412176704,10.316555766204074,12.124626636505129
46,ws15_fh1_var3,TCN,1,15,3,6.200439559176048,21.20812440150941,12.119687795639038
46,ws15_fh3_var1,TCN,3,15,1,2.696887573056117,8.437502989917562,15.277596712112429
46,ws15_fh3_var3,TCN,3,15,3,5.4763774197474575,18.143957401385823,15.466200828552246
46,ws15_fh7_var1,TCN,7,15,1,5.8207747907023455,19.836038609833167,15.568308353424072
46,ws15_fh7_var3,TCN,7,15,3,5.545245297631263,17.998673044258346,15.524450778961182
46,ws30_fh1_var1,TCN,1,30,1,2.173752506059211,7.280527446740977,11.129761934280396
46,ws30_fh1_var3,TCN,1,30,3,3.010702591102824,10.159115455813346,11.2873797416687
46,ws30_fh3_var1,TCN,3,30,1,4.026062492572734,12.904076318883837,15.360161781311035
46,ws30_fh3_var3,TCN,3,30,3,7.596877005452498,25.67143324035495,15.399712324142456
46,ws30_fh7_var1,TCN,7,30,1,4.743863602390678,15.776478731791444,14.998533487319946
46,ws30_fh7_var3,TCN,7,30,3,6.138870339996122,20.507271060110803,15.197851419448853
47,ws7_fh1_var1,TCN,1,7,1,4.68070470822549,16.218948530454192,11.945468664169312
47,ws7_fh1_var3,TCN,1,7,3,5.418617424821018,17.978311099634787,11.87520432472229
47,ws7_fh3_var1,TCN,3,7,1,3.498367948983813,11.340771666822343,15.783796548843384
47,ws7_fh3_var3,TCN,3,7,3,5.093345367413698,17.31459869872046,15.832099676132202
47,ws7_fh7_var1,TCN,7,7,1,4.600991753065854,14.983420035802746,15.75779128074646
47,ws7_fh7_var3,TCN,7,7,3,6.5686406112905065,22.412425358735263,15.879610776901243
47,ws15_fh1_var1,TCN,1,15,1,2.720122559901684,8.87050316827968,12.05279278755188
47,ws15_fh1_var3,TCN,1,15,3,6.172978524241202,19.90812776829149,12.303316116333008
47,ws15_fh3_var1,TCN,3,15,1,4.671281817229363,15.72716660409553,15.580129861831663
47,ws15_fh3_var3,TCN,3,15,3,5.01210067586107,17.241440915618814,15.378173112869264
47,ws15_fh7_var1,TCN,7,15,1,6.183627715876073,21.36957882066677,15.507054805755615
47,ws15_fh7_var3,TCN,7,15,3,6.298908651129444,21.19936831868367,15.95825481414795
47,ws30_fh1_var1,TCN,1,30,1,3.761431043423512,12.616201630290035,11.076213359832764
47,ws30_fh1_var3,TCN,1,30,3,9.517726227094336,32.759657046870736,11.25369143486023
47,ws30_fh3_var1,TCN,3,30,1,3.649142330428358,11.966165190736591,15.2270085811615
47,ws30_fh3_var3,TCN,3,30,3,3.997025662673059,12.94683425226432,15.341431379318236
47,ws30_fh7_var1,TCN,7,30,1,5.214898566550245,17.57771358091812,14.865846157073976
47,ws30_fh7_var3,TCN,7,30,3,7.148455441735483,24.22151571391741,15.253873109817505
48,ws7_fh1_var1,TCN,1,7,1,3.7889527545440695,13.182046633902344,11.947219371795654
48,ws7_fh1_var3,TCN,1,7,3,4.951136317358179,15.81438099749979,12.049149513244627
48,ws7_fh3_var1,TCN,3,7,1,4.264072855158452,14.193037313581875,15.491321086883543
48,ws7_fh3_var3,TCN,3,7,3,6.777584191134875,23.342784660085968,15.870187759399414
48,ws7_fh7_var1,TCN,7,7,1,4.724077305219196,15.462319545481945,15.858120679855348
48,ws7_fh7_var3,TCN,7,7,3,7.630332832998464,26.023206566194528,16.008350610733032
48,ws15_fh1_var1,TCN,1,15,1,1.8539064480378895,5.716483744895628,11.967123031616213
48,ws15_fh1_var3,TCN,1,15,3,4.152315519906456,13.626072480126403,12.218385696411133
48,ws15_fh3_var1,TCN,3,15,1,4.629221711500873,15.859925251160805,15.47480082511902
48,ws15_fh3_var3,TCN,3,15,3,5.694072885064284,19.305753112344064,15.544452428817747
48,ws15_fh7_var1,TCN,7,15,1,4.847589241248933,16.343419293213497,15.651331424713137
48,ws15_fh7_var3,TCN,7,15,3,6.0846293920445,20.66764063187972,15.721750020980837
48,ws30_fh1_var1,TCN,1,30,1,8.2826444158826,29.74575564379598,10.70654821395874
48,ws30_fh1_var3,TCN,1,30,3,7.730005299397999,26.3915879663394,11.324389457702637
48,ws30_fh3_var1,TCN,3,30,1,3.2981352056116897,10.752195243660124,15.296914100646973
48,ws30_fh3_var3,TCN,3,30,3,6.179787958603698,18.7963771354419,15.60113787651062
48,ws30_fh7_var1,TCN,7,30,1,5.492024278256757,18.909505877653505,14.918602466583252
48,ws30_fh7_var3,TCN,7,30,3,8.329299806353696,28.982000544269727,15.252938032150269
49,ws7_fh1_var1,TCN,1,7,1,4.475702181125493,15.632311668542544,11.934635162353516
49,ws7_fh1_var3,TCN,1,7,3,6.514869128691955,21.310989837800985,12.13432765007019
49,ws7_fh3_var1,TCN,3,7,1,5.74001105631983,19.729775300021466,16.082682609558105
49,ws7_fh3_var3,TCN,3,7,3,9.098031041537402,31.567516625060986,15.972139120101929
49,ws7_fh7_var1,TCN,7,7,1,5.572031553108919,18.99132147611036,16.117737770080566
49,ws7_fh7_var3,TCN,7,7,3,6.193026182372423,20.898471836134,15.81329607963562
49,ws15_fh1_var1,TCN,1,15,1,4.019814863471753,13.729052062425191,12.110257387161257
49,ws15_fh1_var3,TCN,1,15,3,4.813109885325752,16.79100779870786,12.472262859344482
49,ws15_fh3_var1,TCN,3,15,1,3.463670233418379,11.3427052105047,15.482604265213013
49,ws15_fh3_var3,TCN,3,15,3,6.697290762345884,22.92492831790252,15.427243709564207
49,ws15_fh7_var1,TCN,7,15,1,5.131112084759353,17.366735146831225,15.544739961624146
49,ws15_fh7_var3,TCN,7,15,3,5.470658340130749,17.82876571518451,15.736807584762571
49,ws30_fh1_var1,TCN,1,30,1,3.415729992231053,11.013175346158205,11.1680428981781
49,ws30_fh1_var3,TCN,1,30,3,3.9246438072993457,12.248250801294075,11.395672082901
49,ws30_fh3_var1,TCN,3,30,1,3.3988759194008424,10.955330684039843,15.567575216293337
49,ws30_fh3_var3,TCN,3,30,3,7.044314705739782,23.289354606172,15.701947927474976
49,ws30_fh7_var1,TCN,7,30,1,4.510234207192616,14.251935437337536,15.107652425765991
49,ws30_fh7_var3,TCN,7,30,3,7.867855230208491,26.383958843229586,15.20569133758545
50,ws7_fh1_var1,TCN,1,7,1,4.048930036814003,14.199981292274147,12.140397310256958
50,ws7_fh1_var3,TCN,1,7,3,8.676333705929467,29.35099680160437,12.22193479537964
50,ws7_fh3_var1,TCN,3,7,1,4.7947459197171485,15.9064609636633,15.825108766555786
50,ws7_fh3_var3,TCN,3,7,3,4.483587656291696,14.806329119288495,15.9503915309906
50,ws7_fh7_var1,TCN,7,7,1,4.413875651093372,14.790628165996653,15.979165315628052
50,ws7_fh7_var3,TCN,7,7,3,6.817016524065778,23.43052552192876,16.127820014953613
50,ws15_fh1_var1,TCN,1,15,1,4.494702071425059,15.280891557020878,12.179856538772585
50,ws15_fh1_var3,TCN,1,15,3,6.7032407280153095,22.5201681079414,12.38775634765625
50,ws15_fh3_var1,TCN,3,15,1,3.993796405688318,13.309667836451467,15.867423295974731
50,ws15_fh3_var3,TCN,3,15,3,4.789600098857137,15.763639989508116,15.663324356079102
50,ws15_fh7_var1,TCN,7,15,1,5.075681666443255,17.169513516207097,15.993916749954224
50,ws15_fh7_var3,TCN,7,15,3,8.155261570209626,28.17345116646285,16.07802724838257
50,ws30_fh1_var1,TCN,1,30,1,4.177694324950004,14.42541428273736,11.316750526428224
50,ws30_fh1_var3,TCN,1,30,3,3.75142456999628,12.471939796686891,11.576281547546388
50,ws30_fh3_var1,TCN,3,30,1,3.460755217280651,10.990196027335458,15.614235401153564
50,ws30_fh3_var3,TCN,3,30,3,6.789720642782432,23.32503248512998,15.743911981582642
50,ws30_fh7_var1,TCN,7,30,1,4.647244860275051,15.494973087604713,15.558583736419678
50,ws30_fh7_var3,TCN,7,30,3,5.33359540460498,17.46641637610598,15.391206741333008
